Workbook
Name _msoanchor_1: 'Input Data + Q2'!$X$29
Name _msoanchor_1: #REF!
Name _msoanchor_2: 'Input Data + Q2'!$D$39
Name _msoanchor_2: #REF!

Sheet Q1a
A1: Do not modify anything in this sheet except for the answer area | F1: Space available | M1: Quarter | N1: Q1’26 | O1: Q2’26 | P1: Q3’26 | Q1: Q4’26 | R1: Q1’27 | S1: Q2’27 | T1: Q3’27 | U1: Q4’27
F2: Fab 1 | G2: Fab 2 | H2: Fab 3 | K2: Total costs over 8 quarters | M2: Node 1 | N2: 12000 | O2: 10000 | P2: 8500 | Q2: 7500 | R2: 6000 | S2: 5000 | T2: 4000 | U2: 2000 | AP2: All capacity ok?
F3: 1500 | G3: 1300 | H3: 700 | J3: minimize this -> | K3: =F23+F35+F47+F59+F71+F83+F95+F25+F37+F49+F61+F73+F85+F97+Y6 -> 587000000 | M3: Node 2 | N3: 5000 | O3: 5200 | P3: 5400 | Q3: 5600 | R3: 6000 | S3: 6500 | T3: 7000 | U3: 7500 | AP3: =AND(AU8:BB25) -> TRUE | AQ3: <- make sure its green
A4: All constraints fulfilled? | B4: =AND(K7,V8,AP3) -> FALSE | C4: <- make sure its green | M4: Node 3 | N4: 3000 | O4: 4500 | P4: 7000 | Q4: 8000 | R4: 9000 | S4: 11000 | T4: 13000 | U4: 16000
O5: =ROUNDUP(45*O2/10080/0.84,0) -> 54 | P5: =ROUNDUP(45*P2/10080/0.84,0) -> 46 | Q5: =ROUNDUP(45*Q2/10080/0.84,0) -> 40 | R5: =ROUNDUP(45*R2/10080/0.84,0) -> 32 | S5: =ROUNDUP(45*S2/10080/0.84,0) -> 27 | T5: =ROUNDUP(45*T2/10080/0.84,0) -> 22 | AU5: Enough mintech + TOR tools to run the assigned loading?
C6: Tooling plan (to fill) | F6: Solution Validation | K6: All space within limit? | O6: Node Wafer Stepflow Distribution for each fab for each quarter | T6: Solution Validation | V6: All loading fulfilled? | X6: Total transfer costs: | Y6: =SUM(_xlfn.ANCHORARRAY(Y8)) -> 0 | AB6: mintech | AC6: TOR | AD6: mintech | AE6: TOR | AF6: mintech | AG6: TOR | AH6: mintech | AI6: TOR | AJ6: mintech | AK6: mintech | AL6: TOR | AM6: mintech | AN6: mintech | AO6: TOR | AP6: Enough mintech + TOR tools to run the assigned loading?
B7: WS Name | C7: Fab 1 - WS Count | D7: Fab 2 - WS Count | E7: Fab 3 - WS Count | F7: Fab 1 space | G7: Fab 2 space | H7: Fab 3 space | K7: {=AND(F8:H8<$F$3:$H$3,F20:H20<$F$3:$H$3,F32:H32<$F$3:$H$3,F44:H44<$F$3:$H$3,F56:H56<$F$3:$H$3,F68:H68<$F$3:$H$3,F80:H80<$F$3:$H$3,F92:H92<$F$3:$H$3)} -> TRUE | O7: Quarter | P7: Node | Q7: Step | R7: Fab | S7: Loading (to fill) | T7: Loading fulfilled? | X7: Cross-fab transfer count | Y7: Transfer costs | AA7: Mintech preference rank | AB7: WS (mintech) | AC7: WS (TOR) | AD7: RPT (mintech) | AE7: RPT (TOR) | AF7: Util (mintech) | AG7: Util (TOR) | AH7: Tool requirement if running on mintech | AI7: Tool requirement if running on TOR | AJ7: Cumulative mintech req | AK7: Available mintech tools | AL7: Available TOR tools | AM7: Overflow cumreq | AN7: Req on mintech | AO7: Req on TOR | AR7: Fab | AU7: Q1’26 | AV7: Q2’26 | AW7: Q3’26 | AX7: Q4’26 | AY7: Q1’27 | AZ7: Q2’27 | BA7: Q3’27 | BB7: Q4’27
A8: WS Component for Q1’26 | B8: A | C8: 50 | D8: 35 | E8: 0 | F8: {=SUM(C8:C19*data!$B$3:$B$14)} -> 1235.7 | G8: {=SUM(D8:D19*data!$B$3:$B$14)} -> 996.9 | H8: {=SUM(E8:E19*data!$B$3:$B$14)} -> 636.03 | I8: <- make sure its green | O8: Q1’26 | P8: 1 | Q8: 1 | R8: 1 | T8: =(S8+S9+S10)=N2 -> FALSE | V8: =AND(T8:T1039) -> FALSE | W8: <- make sure its green | X8: 0 | Y8: {=X8:X1039*50*13} -> 0 | AA8: 4 | AB8: D | AC8: D+ | AD8: 14 | AE8: 12 | AF8: 0.8 | AG8: 0.88 | AH8: {=$S8:$S1039*AD8:AD1039/10080/AF8:AF1039} -> 0 | AI8: {=$S8:$S1039*AE8:AE1039/10080/AG8:AG1039} -> 0 | AJ8: =SUMIFS(AH$8:AH$1039,$O$8:$O$1039,O8,$AB$8:$AB$1039,AB8,$R$8:$R$1039,R8,$AA$8:$AA$1039,"<="&AA8) -> 0 | AK8: =C11 -> 50 | AL8: =C17 -> 0 | AM8: =MAX(0,AJ8-AK8) -> 0 | AN8: =IF(AM8=0,AH8,IF(AM8>=AH8,0,AH8-AM8)) -> 0 | AO8: =IF(AM8>=AH8,AI8,AI8*AM8/AH8) -> 0 | AP8: {=INDEX($AU$8:$BB$25,6*(R8-1)+MATCH(AB8,$AS$8:$AS$13,0),MATCH(O8,$AU$7:$BB$7,0))} -> TRUE | AR8: 1 | AS8: A | AT8: A+ | AU8: =AND(SUMIFS($AN$8:$AN$1039,$O$8:$O$1039,AU7,$AB$8:$AB$1039,AS8,$R$8:$R$1039,AR8)<=C8,SUMIFS($AO$8:$AO$1039,$O$8:$O$1039,AU7,$AB$8:$AB$1039,AS8,$R$8:$R$1039,AR8)<=C14) -> TRUE | AV8: =AND(SUMIFS($AN$8:$AN$1039,$O$8:$O$1039,AV7,$AB$8:$AB$1039,AS8,$R$8:$R$1039,AR8)<=C20,SUMIFS($AO$8:$AO$1039,$O$8:$O$1039,AV7,$AB$8:$AB$1039,AS8,$R$8:$R$1039,AR8)<=C26) -> TRUE | AW8: =AND(SUMIFS($AN$8:$AN$1039,$O$8:$O$1039,AW7,$AB$8:$AB$1039,AS8,$R$8:$R$1039,AR8)<=C32,SUMIFS($AO$8:$AO$1039,$O$8:$O$1039,AW7,$AB$8:$AB$1039,AS8,$R$8:$R$1039,AR8)<=C38) -> TRUE | AX8: =AND(SUMIFS($AN$8:$AN$1039,$O$8:$O$1039,AX7,$AB$8:$AB$1039,AS8,$R$8:$R$1039,AR8)<=C44,SUMIFS($AO$8:$AO$1039,$O$8:$O$1039,AX7,$AB$8:$AB$1039,AS8,$R$8:$R$1039,AR8)<=C50) -> TRUE | AY8: =AND(SUMIFS($AN$8:$AN$1039,$O$8:$O$1039,AY7,$AB$8:$AB$1039,AS8,$R$8:$R$1039,AR8)<=C56,SUMIFS($AO$8:$AO$1039,$O$8:$O$1039,AY7,$AB$8:$AB$1039,AS8,$R$8:$R$1039,AR8)<=C62) -> TRUE | AZ8: =AND(SUMIFS($AN$8:$AN$1039,$O$8:$O$1039,AZ7,$AB$8:$AB$1039,AS8,$R$8:$R$1039,AR8)<=C68,SUMIFS($AO$8:$AO$1039,$O$8:$O$1039,AZ7,$AB$8:$AB$1039,AS8,$R$8:$R$1039,AR8)<=C74) -> TRUE | BA8: =AND(SUMIFS($AN$8:$AN$1039,$O$8:$O$1039,BA7,$AB$8:$AB$1039,AS8,$R$8:$R$1039,AR8)<=C80,SUMIFS($AO$8:$AO$1039,$O$8:$O$1039,BA7,$AB$8:$AB$1039,AS8,$R$8:$R$1039,AR8)<=C86) -> TRUE | BB8: =AND(SUMIFS($AN$8:$AN$1039,$O$8:$O$1039,BB7,$AB$8:$AB$1039,AS8,$R$8:$R$1039,AR8)<=C92,SUMIFS($AO$8:$AO$1039,$O$8:$O$1039,BB7,$AB$8:$AB$1039,AS8,$R$8:$R$1039,AR8)<=C98) -> TRUE
B9: B | C9: 25 | D9: 30 | E9: 0 | O9: Q1’26 | P9: 1 | Q9: 1 | R9: 2 | T9: =(S8+S9+S10)=N2 -> FALSE | X9: 0 | Y9: 0 | AA9: 4 | AB9: D | AC9: D+ | AD9: 14 | AE9: 12 | AF9: 0.8 | AG9: 0.88 | AH9: 0 | AI9: 0 | AJ9: =SUMIFS(AH$8:AH$1039,$O$8:$O$1039,O9,$AB$8:$AB$1039,AB9,$R$8:$R$1039,R9,$AA$8:$AA$1039,"<="&AA9) -> 0 | AK9: =D11 -> 50 | AL9: =D17 -> 0 | AM9: =MAX(0,AJ9-AK9) -> 0 | AN9: =IF(AM9=0,AH9,IF(AM9>=AH9,0,AH9-AM9)) -> 0 | AO9: =IF(AM9>=AH9,AI9,AI9*AM9/AH9) -> 0 | AP9: {=INDEX($AU$8:$BB$25,6*(R9-1)+MATCH(AB9,$AS$8:$AS$13,0),MATCH(O9,$AU$7:$BB$7,0))} -> TRUE | AR9: 1 | AS9: B | AT9: B+ | AU9: =AND(SUMIFS($AN$8:$AN$1039,$O$8:$O$1039,AU7,$AB$8:$AB$1039,AS9,$R$8:$R$1039,AR9)<=C9,SUMIFS($AO$8:$AO$1039,$O$8:$O$1039,AU7,$AB$8:$AB$1039,AS9,$R$8:$R$1039,AR9)<=C15) -> TRUE | AV9: =AND(SUMIFS($AN$8:$AN$1039,$O$8:$O$1039,AV7,$AB$8:$AB$1039,AS9,$R$8:$R$1039,AR9)<=C21,SUMIFS($AO$8:$AO$1039,$O$8:$O$1039,AV7,$AB$8:$AB$1039,AS9,$R$8:$R$1039,AR9)<=C27) -> TRUE | AW9: =AND(SUMIFS($AN$8:$AN$1039,$O$8:$O$1039,AW7,$AB$8:$AB$1039,AS9,$R$8:$R$1039,AR9)<=C33,SUMIFS($AO$8:$AO$1039,$O$8:$O$1039,AW7,$AB$8:$AB$1039,AS9,$R$8:$R$1039,AR9)<=C39) -> TRUE | AX9: =AND(SUMIFS($AN$8:$AN$1039,$O$8:$O$1039,AX7,$AB$8:$AB$1039,AS9,$R$8:$R$1039,AR9)<=C45,SUMIFS($AO$8:$AO$1039,$O$8:$O$1039,AX7,$AB$8:$AB$1039,AS9,$R$8:$R$1039,AR9)<=C51) -> TRUE | AY9: =AND(SUMIFS($AN$8:$AN$1039,$O$8:$O$1039,AY7,$AB$8:$AB$1039,AS9,$R$8:$R$1039,AR9)<=C57,SUMIFS($AO$8:$AO$1039,$O$8:$O$1039,AY7,$AB$8:$AB$1039,AS9,$R$8:$R$1039,AR9)<=C63) -> TRUE | AZ9: =AND(SUMIFS($AN$8:$AN$1039,$O$8:$O$1039,AZ7,$AB$8:$AB$1039,AS9,$R$8:$R$1039,AR9)<=C69,SUMIFS($AO$8:$AO$1039,$O$8:$O$1039,AZ7,$AB$8:$AB$1039,AS9,$R$8:$R$1039,AR9)<=C75) -> TRUE | BA9: =AND(SUMIFS($AN$8:$AN$1039,$O$8:$O$1039,BA7,$AB$8:$AB$1039,AS9,$R$8:$R$1039,AR9)<=C81,SUMIFS($AO$8:$AO$1039,$O$8:$O$1039,BA7,$AB$8:$AB$1039,AS9,$R$8:$R$1039,AR9)<=C87) -> TRUE | BB9: =AND(SUMIFS($AN$8:$AN$1039,$O$8:$O$1039,BB7,$AB$8:$AB$1039,AS9,$R$8:$R$1039,AR9)<=C93,SUMIFS($AO$8:$AO$1039,$O$8:$O$1039,BB7,$AB$8:$AB$1039,AS9,$R$8:$R$1039,AR9)<=C99) -> TRUE
B10: C | C10: 0 | D10: 0 | E10: 40 | O10: Q1’26 | P10: 1 | Q10: 1 | R10: 3 | T10: =(S8+S9+S10)=N2 -> FALSE | X10: 0 | Y10: 0 | AA10: 4 | AB10: D | AC10: D+ | AD10: 14 | AE10: 12 | AF10: 0.8 | AG10: 0.88 | AH10: 0 | AI10: 0 | AJ10: =SUMIFS(AH$8:AH$1039,$O$8:$O$1039,O10,$AB$8:$AB$1039,AB10,$R$8:$R$1039,R10,$AA$8:$AA$1039,"<="&AA10) -> 0 | AK10: =E11 -> 35 | AL10: =E17 -> 0 | AM10: =MAX(0,AJ10-AK10) -> 0 | AN10: =IF(AM10=0,AH10,IF(AM10>=AH10,0,AH10-AM10)) -> 0 | AO10: =IF(AM10>=AH10,AI10,AI10*AM10/AH10) -> 0 | AP10: {=INDEX($AU$8:$BB$25,6*(R10-1)+MATCH(AB10,$AS$8:$AS$13,0),MATCH(O10,$AU$7:$BB$7,0))} -> TRUE | AR10: 1 | AS10: C | AT10: C+ | AU10: =AND(SUMIFS($AN$8:$AN$1039,$O$8:$O$1039,AU7,$AB$8:$AB$1039,AS10,$R$8:$R$1039,AR10)<=C10,SUMIFS($AO$8:$AO$1039,$O$8:$O$1039,AU7,$AB$8:$AB$1039,AS10,$R$8:$R$1039,AR10)<=C16) -> TRUE | AV10: =AND(SUMIFS($AN$8:$AN$1039,$O$8:$O$1039,AV7,$AB$8:$AB$1039,AS10,$R$8:$R$1039,AR10)<=C22,SUMIFS($AO$8:$AO$1039,$O$8:$O$1039,AV7,$AB$8:$AB$1039,AS10,$R$8:$R$1039,AR10)<=C28) -> TRUE | AW10: =AND(SUMIFS($AN$8:$AN$1039,$O$8:$O$1039,AW7,$AB$8:$AB$1039,AS10,$R$8:$R$1039,AR10)<=C34,SUMIFS($AO$8:$AO$1039,$O$8:$O$1039,AW7,$AB$8:$AB$1039,AS10,$R$8:$R$1039,AR10)<=C40) -> TRUE | AX10: =AND(SUMIFS($AN$8:$AN$1039,$O$8:$O$1039,AX7,$AB$8:$AB$1039,AS10,$R$8:$R$1039,AR10)<=C46,SUMIFS($AO$8:$AO$1039,$O$8:$O$1039,AX7,$AB$8:$AB$1039,AS10,$R$8:$R$1039,AR10)<=C52) -> TRUE | AY10: =AND(SUMIFS($AN$8:$AN$1039,$O$8:$O$1039,AY7,$AB$8:$AB$1039,AS10,$R$8:$R$1039,AR10)<=C58,SUMIFS($AO$8:$AO$1039,$O$8:$O$1039,AY7,$AB$8:$AB$1039,AS10,$R$8:$R$1039,AR10)<=C64) -> TRUE | AZ10: =AND(SUMIFS($AN$8:$AN$1039,$O$8:$O$1039,AZ7,$AB$8:$AB$1039,AS10,$R$8:$R$1039,AR10)<=C70,SUMIFS($AO$8:$AO$1039,$O$8:$O$1039,AZ7,$AB$8:$AB$1039,AS10,$R$8:$R$1039,AR10)<=C76) -> TRUE | BA10: =AND(SUMIFS($AN$8:$AN$1039,$O$8:$O$1039,BA7,$AB$8:$AB$1039,AS10,$R$8:$R$1039,AR10)<=C82,SUMIFS($AO$8:$AO$1039,$O$8:$O$1039,BA7,$AB$8:$AB$1039,AS10,$R$8:$R$1039,AR10)<=C88) -> TRUE | BB10: =AND(SUMIFS($AN$8:$AN$1039,$O$8:$O$1039,BB7,$AB$8:$AB$1039,AS10,$R$8:$R$1039,AR10)<=C94,SUMIFS($AO$8:$AO$1039,$O$8:$O$1039,BB7,$AB$8:$AB$1039,AS10,$R$8:$R$1039,AR10)<=C100) -> TRUE
B11: D | C11: 50 | D11: 50 | E11: 35 | O11: Q1’26 | P11: 1 | Q11: 2 | R11: 1 | T11: =(S11+S12+S13)=N2 -> FALSE | X11: =MAX(S8-S11,0) -> 0 | Y11: 0 | AA11: 10 | AB11: F | AC11: F+ | AD11: 25 | AE11: 21 | AF11: 0.8 | AG11: 0.9 | AH11: 0 | AI11: 0 | AJ11: =SUMIFS(AH$8:AH$1039,$O$8:$O$1039,O11,$AB$8:$AB$1039,AB11,$R$8:$R$1039,R11,$AA$8:$AA$1039,"<="&AA11) -> 0 | AK11: =C13 -> 90 | AL11: =C19 -> 0 | AM11: =MAX(0,AJ11-AK11) -> 0 | AN11: =IF(AM11=0,AH11,IF(AM11>=AH11,0,AH11-AM11)) -> 0 | AO11: =IF(AM11>=AH11,AI11,AI11*AM11/AH11) -> 0 | AP11: {=INDEX($AU$8:$BB$25,6*(R11-1)+MATCH(AB11,$AS$8:$AS$13,0),MATCH(O11,$AU$7:$BB$7,0))} -> TRUE | AR11: 1 | AS11: D | AT11: D+ | AU11: =AND(SUMIFS($AN$8:$AN$1039,$O$8:$O$1039,AU7,$AB$8:$AB$1039,AS11,$R$8:$R$1039,AR11)<=C11,SUMIFS($AO$8:$AO$1039,$O$8:$O$1039,AU7,$AB$8:$AB$1039,AS11,$R$8:$R$1039,AR11)<=C17) -> TRUE | AV11: =AND(SUMIFS($AN$8:$AN$1039,$O$8:$O$1039,AV7,$AB$8:$AB$1039,AS11,$R$8:$R$1039,AR11)<=C23,SUMIFS($AO$8:$AO$1039,$O$8:$O$1039,AV7,$AB$8:$AB$1039,AS11,$R$8:$R$1039,AR11)<=C29) -> TRUE | AW11: =AND(SUMIFS($AN$8:$AN$1039,$O$8:$O$1039,AW7,$AB$8:$AB$1039,AS11,$R$8:$R$1039,AR11)<=C35,SUMIFS($AO$8:$AO$1039,$O$8:$O$1039,AW7,$AB$8:$AB$1039,AS11,$R$8:$R$1039,AR11)<=C41) -> TRUE | AX11: =AND(SUMIFS($AN$8:$AN$1039,$O$8:$O$1039,AX7,$AB$8:$AB$1039,AS11,$R$8:$R$1039,AR11)<=C47,SUMIFS($AO$8:$AO$1039,$O$8:$O$1039,AX7,$AB$8:$AB$1039,AS11,$R$8:$R$1039,AR11)<=C53) -> TRUE | AY11: =AND(SUMIFS($AN$8:$AN$1039,$O$8:$O$1039,AY7,$AB$8:$AB$1039,AS11,$R$8:$R$1039,AR11)<=C59,SUMIFS($AO$8:$AO$1039,$O$8:$O$1039,AY7,$AB$8:$AB$1039,AS11,$R$8:$R$1039,AR11)<=C65) -> TRUE | AZ11: =AND(SUMIFS($AN$8:$AN$1039,$O$8:$O$1039,AZ7,$AB$8:$AB$1039,AS11,$R$8:$R$1039,AR11)<=C71,SUMIFS($AO$8:$AO$1039,$O$8:$O$1039,AZ7,$AB$8:$AB$1039,AS11,$R$8:$R$1039,AR11)<=C77) -> TRUE | BA11: =AND(SUMIFS($AN$8:$AN$1039,$O$8:$O$1039,BA7,$AB$8:$AB$1039,AS11,$R$8:$R$1039,AR11)<=C83,SUMIFS($AO$8:$AO$1039,$O$8:$O$1039,BA7,$AB$8:$AB$1039,AS11,$R$8:$R$1039,AR11)<=C89) -> TRUE | BB11: =AND(SUMIFS($AN$8:$AN$1039,$O$8:$O$1039,BB7,$AB$8:$AB$1039,AS11,$R$8:$R$1039,AR11)<=C95,SUMIFS($AO$8:$AO$1039,$O$8:$O$1039,BB7,$AB$8:$AB$1039,AS11,$R$8:$R$1039,AR11)<=C101) -> TRUE
B12: E | C12: 40 | D12: 30 | E12: 16 | O12: Q1’26 | P12: 1 | Q12: 2 | R12: 2 | T12: =(S11+S12+S13)=N2 -> FALSE | X12: =MAX(S9-S12,0) -> 0 | Y12: 0 | AA12: 10 | AB12: F | AC12: F+ | AD12: 25 | AE12: 21 | AF12: 0.8 | AG12: 0.9 | AH12: 0 | AI12: 0 | AJ12: =SUMIFS(AH$8:AH$1039,$O$8:$O$1039,O12,$AB$8:$AB$1039,AB12,$R$8:$R$1039,R12,$AA$8:$AA$1039,"<="&AA12) -> 0 | AK12: =D13 -> 60 | AL12: =D19 -> 0 | AM12: =MAX(0,AJ12-AK12) -> 0 | AN12: =IF(AM12=0,AH12,IF(AM12>=AH12,0,AH12-AM12)) -> 0 | AO12: =IF(AM12>=AH12,AI12,AI12*AM12/AH12) -> 0 | AP12: {=INDEX($AU$8:$BB$25,6*(R12-1)+MATCH(AB12,$AS$8:$AS$13,0),MATCH(O12,$AU$7:$BB$7,0))} -> TRUE | AR12: 1 | AS12: E | AT12: E+ | AU12: =AND(SUMIFS($AN$8:$AN$1039,$O$8:$O$1039,AU7,$AB$8:$AB$1039,AS12,$R$8:$R$1039,AR12)<=C12,SUMIFS($AO$8:$AO$1039,$O$8:$O$1039,AU7,$AB$8:$AB$1039,AS12,$R$8:$R$1039,AR12)<=C18) -> TRUE | AV12: =AND(SUMIFS($AN$8:$AN$1039,$O$8:$O$1039,AV7,$AB$8:$AB$1039,AS12,$R$8:$R$1039,AR12)<=C24,SUMIFS($AO$8:$AO$1039,$O$8:$O$1039,AV7,$AB$8:$AB$1039,AS12,$R$8:$R$1039,AR12)<=C30) -> TRUE | AW12: =AND(SUMIFS($AN$8:$AN$1039,$O$8:$O$1039,AW7,$AB$8:$AB$1039,AS12,$R$8:$R$1039,AR12)<=C36,SUMIFS($AO$8:$AO$1039,$O$8:$O$1039,AW7,$AB$8:$AB$1039,AS12,$R$8:$R$1039,AR12)<=C42) -> TRUE | AX12: =AND(SUMIFS($AN$8:$AN$1039,$O$8:$O$1039,AX7,$AB$8:$AB$1039,AS12,$R$8:$R$1039,AR12)<=C48,SUMIFS($AO$8:$AO$1039,$O$8:$O$1039,AX7,$AB$8:$AB$1039,AS12,$R$8:$R$1039,AR12)<=C54) -> TRUE | AY12: =AND(SUMIFS($AN$8:$AN$1039,$O$8:$O$1039,AY7,$AB$8:$AB$1039,AS12,$R$8:$R$1039,AR12)<=C60,SUMIFS($AO$8:$AO$1039,$O$8:$O$1039,AY7,$AB$8:$AB$1039,AS12,$R$8:$R$1039,AR12)<=C66) -> TRUE | AZ12: =AND(SUMIFS($AN$8:$AN$1039,$O$8:$O$1039,AZ7,$AB$8:$AB$1039,AS12,$R$8:$R$1039,AR12)<=C72,SUMIFS($AO$8:$AO$1039,$O$8:$O$1039,AZ7,$AB$8:$AB$1039,AS12,$R$8:$R$1039,AR12)<=C78) -> TRUE | BA12: =AND(SUMIFS($AN$8:$AN$1039,$O$8:$O$1039,BA7,$AB$8:$AB$1039,AS12,$R$8:$R$1039,AR12)<=C84,SUMIFS($AO$8:$AO$1039,$O$8:$O$1039,BA7,$AB$8:$AB$1039,AS12,$R$8:$R$1039,AR12)<=C90) -> TRUE | BB12: =AND(SUMIFS($AN$8:$AN$1039,$O$8:$O$1039,BB7,$AB$8:$AB$1039,AS12,$R$8:$R$1039,AR12)<=C96,SUMIFS($AO$8:$AO$1039,$O$8:$O$1039,BB7,$AB$8:$AB$1039,AS12,$R$8:$R$1039,AR12)<=C102) -> TRUE
B13: F | C13: 90 | D13: 60 | E13: 36 | O13: Q1’26 | P13: 1 | Q13: 2 | R13: 3 | T13: =(S11+S12+S13)=N2 -> FALSE | X13: =MAX(S10-S13,0) -> 0 | Y13: 0 | AA13: 10 | AB13: F | AC13: F+ | AD13: 25 | AE13: 21 | AF13: 0.8 | AG13: 0.9 | AH13: 0 | AI13: 0 | AJ13: =SUMIFS(AH$8:AH$1039,$O$8:$O$1039,O13,$AB$8:$AB$1039,AB13,$R$8:$R$1039,R13,$AA$8:$AA$1039,"<="&AA13) -> 0 | AK13: =E13 -> 36 | AL13: =E19 -> 0 | AM13: =MAX(0,AJ13-AK13) -> 0 | AN13: =IF(AM13=0,AH13,IF(AM13>=AH13,0,AH13-AM13)) -> 0 | AO13: =IF(AM13>=AH13,AI13,AI13*AM13/AH13) -> 0 | AP13: {=INDEX($AU$8:$BB$25,6*(R13-1)+MATCH(AB13,$AS$8:$AS$13,0),MATCH(O13,$AU$7:$BB$7,0))} -> TRUE | AR13: 1 | AS13: F | AT13: F+ | AU13: =AND(SUMIFS($AN$8:$AN$1039,$O$8:$O$1039,AU7,$AB$8:$AB$1039,AS13,$R$8:$R$1039,AR13)<=C13,SUMIFS($AO$8:$AO$1039,$O$8:$O$1039,AU7,$AB$8:$AB$1039,AS13,$R$8:$R$1039,AR13)<=C19) -> TRUE | AV13: =AND(SUMIFS($AN$8:$AN$1039,$O$8:$O$1039,AV7,$AB$8:$AB$1039,AS13,$R$8:$R$1039,AR13)<=C25,SUMIFS($AO$8:$AO$1039,$O$8:$O$1039,AV7,$AB$8:$AB$1039,AS13,$R$8:$R$1039,AR13)<=C31) -> TRUE | AW13: =AND(SUMIFS($AN$8:$AN$1039,$O$8:$O$1039,AW7,$AB$8:$AB$1039,AS13,$R$8:$R$1039,AR13)<=C37,SUMIFS($AO$8:$AO$1039,$O$8:$O$1039,AW7,$AB$8:$AB$1039,AS13,$R$8:$R$1039,AR13)<=C43) -> TRUE | AX13: =AND(SUMIFS($AN$8:$AN$1039,$O$8:$O$1039,AX7,$AB$8:$AB$1039,AS13,$R$8:$R$1039,AR13)<=C49,SUMIFS($AO$8:$AO$1039,$O$8:$O$1039,AX7,$AB$8:$AB$1039,AS13,$R$8:$R$1039,AR13)<=C55) -> TRUE | AY13: =AND(SUMIFS($AN$8:$AN$1039,$O$8:$O$1039,AY7,$AB$8:$AB$1039,AS13,$R$8:$R$1039,AR13)<=C61,SUMIFS($AO$8:$AO$1039,$O$8:$O$1039,AY7,$AB$8:$AB$1039,AS13,$R$8:$R$1039,AR13)<=C67) -> TRUE | AZ13: =AND(SUMIFS($AN$8:$AN$1039,$O$8:$O$1039,AZ7,$AB$8:$AB$1039,AS13,$R$8:$R$1039,AR13)<=C73,SUMIFS($AO$8:$AO$1039,$O$8:$O$1039,AZ7,$AB$8:$AB$1039,AS13,$R$8:$R$1039,AR13)<=C79) -> TRUE | BA13: =AND(SUMIFS($AN$8:$AN$1039,$O$8:$O$1039,BA7,$AB$8:$AB$1039,AS13,$R$8:$R$1039,AR13)<=C85,SUMIFS($AO$8:$AO$1039,$O$8:$O$1039,BA7,$AB$8:$AB$1039,AS13,$R$8:$R$1039,AR13)<=C91) -> TRUE | BB13: =AND(SUMIFS($AN$8:$AN$1039,$O$8:$O$1039,BB7,$AB$8:$AB$1039,AS13,$R$8:$R$1039,AR13)<=C97,SUMIFS($AO$8:$AO$1039,$O$8:$O$1039,BB7,$AB$8:$AB$1039,AS13,$R$8:$R$1039,AR13)<=C103) -> TRUE
B14: A+ | C14: 0 | D14: 0 | E14: 0 | O14: Q1’26 | P14: 1 | Q14: 3 | R14: 1 | T14: =(S14+S15+S16)=N2 -> FALSE | X14: =MAX(S11-S14,0) -> 0 | Y14: 0 | AA14: 8 | AB14: F | AC14: F+ | AD14: 27 | AE14: 23 | AF14: 0.8 | AG14: 0.9 | AH14: 0 | AI14: 0 | AJ14: =SUMIFS(AH$8:AH$1039,$O$8:$O$1039,O14,$AB$8:$AB$1039,AB14,$R$8:$R$1039,R14,$AA$8:$AA$1039,"<="&AA14) -> 0 | AK14: =C13 -> 90 | AL14: =C19 -> 0 | AM14: =MAX(0,AJ14-AK14) -> 0 | AN14: =IF(AM14=0,AH14,IF(AM14>=AH14,0,AH14-AM14)) -> 0 | AO14: =IF(AM14>=AH14,AI14,AI14*AM14/AH14) -> 0 | AP14: {=INDEX($AU$8:$BB$25,6*(R14-1)+MATCH(AB14,$AS$8:$AS$13,0),MATCH(O14,$AU$7:$BB$7,0))} -> TRUE | AR14: 2 | AS14: A | AT14: A+ | AU14: =AND(SUMIFS($AN$8:$AN$1039,$O$8:$O$1039,AU7,$AB$8:$AB$1039,AS14,$R$8:$R$1039,AR14)<=D8,SUMIFS($AO$8:$AO$1039,$O$8:$O$1039,AU7,$AB$8:$AB$1039,AS14,$R$8:$R$1039,AR14)<=D14) -> TRUE | AV14: =AND(SUMIFS($AN$8:$AN$1039,$O$8:$O$1039,AV7,$AB$8:$AB$1039,AS14,$R$8:$R$1039,AR14)<=D20,SUMIFS($AO$8:$AO$1039,$O$8:$O$1039,AV7,$AB$8:$AB$1039,AS14,$R$8:$R$1039,AR14)<=D26) -> TRUE | AW14: =AND(SUMIFS($AN$8:$AN$1039,$O$8:$O$1039,AW7,$AB$8:$AB$1039,AS14,$R$8:$R$1039,AR14)<=D32,SUMIFS($AO$8:$AO$1039,$O$8:$O$1039,AW7,$AB$8:$AB$1039,AS14,$R$8:$R$1039,AR14)<=D38) -> TRUE | AX14: =AND(SUMIFS($AN$8:$AN$1039,$O$8:$O$1039,AX7,$AB$8:$AB$1039,AS14,$R$8:$R$1039,AR14)<=D44,SUMIFS($AO$8:$AO$1039,$O$8:$O$1039,AX7,$AB$8:$AB$1039,AS14,$R$8:$R$1039,AR14)<=D50) -> TRUE | AY14: =AND(SUMIFS($AN$8:$AN$1039,$O$8:$O$1039,AY7,$AB$8:$AB$1039,AS14,$R$8:$R$1039,AR14)<=D56,SUMIFS($AO$8:$AO$1039,$O$8:$O$1039,AY7,$AB$8:$AB$1039,AS14,$R$8:$R$1039,AR14)<=D62) -> TRUE | AZ14: =AND(SUMIFS($AN$8:$AN$1039,$O$8:$O$1039,AZ7,$AB$8:$AB$1039,AS14,$R$8:$R$1039,AR14)<=D68,SUMIFS($AO$8:$AO$1039,$O$8:$O$1039,AZ7,$AB$8:$AB$1039,AS14,$R$8:$R$1039,AR14)<=D74) -> TRUE | BA14: =AND(SUMIFS($AN$8:$AN$1039,$O$8:$O$1039,BA7,$AB$8:$AB$1039,AS14,$R$8:$R$1039,AR14)<=D80,SUMIFS($AO$8:$AO$1039,$O$8:$O$1039,BA7,$AB$8:$AB$1039,AS14,$R$8:$R$1039,AR14)<=D86) -> TRUE | BB14: =AND(SUMIFS($AN$8:$AN$1039,$O$8:$O$1039,BB7,$AB$8:$AB$1039,AS14,$R$8:$R$1039,AR14)<=D92,SUMIFS($AO$8:$AO$1039,$O$8:$O$1039,BB7,$AB$8:$AB$1039,AS14,$R$8:$R$1039,AR14)<=D98) -> TRUE
B15: B+ | C15: 0 | D15: 0 | E15: 0 | O15: Q1’26 | P15: 1 | Q15: 3 | R15: 2 | T15: =(S14+S15+S16)=N2 -> FALSE | X15: =MAX(S12-S15,0) -> 0 | Y15: 0 | AA15: 8 | AB15: F | AC15: F+ | AD15: 27 | AE15: 23 | AF15: 0.8 | AG15: 0.9 | AH15: 0 | AI15: 0 | AJ15: =SUMIFS(AH$8:AH$1039,$O$8:$O$1039,O15,$AB$8:$AB$1039,AB15,$R$8:$R$1039,R15,$AA$8:$AA$1039,"<="&AA15) -> 0 | AK15: =D13 -> 60 | AL15: =D19 -> 0 | AM15: =MAX(0,AJ15-AK15) -> 0 | AN15: =IF(AM15=0,AH15,IF(AM15>=AH15,0,AH15-AM15)) -> 0 | AO15: =IF(AM15>=AH15,AI15,AI15*AM15/AH15) -> 0 | AP15: {=INDEX($AU$8:$BB$25,6*(R15-1)+MATCH(AB15,$AS$8:$AS$13,0),MATCH(O15,$AU$7:$BB$7,0))} -> TRUE | AR15: 2 | AS15: B | AT15: B+ | AU15: =AND(SUMIFS($AN$8:$AN$1039,$O$8:$O$1039,AU7,$AB$8:$AB$1039,AS15,$R$8:$R$1039,AR15)<=D9,SUMIFS($AO$8:$AO$1039,$O$8:$O$1039,AU7,$AB$8:$AB$1039,AS15,$R$8:$R$1039,AR15)<=D15) -> TRUE | AV15: =AND(SUMIFS($AN$8:$AN$1039,$O$8:$O$1039,AV7,$AB$8:$AB$1039,AS15,$R$8:$R$1039,AR15)<=D21,SUMIFS($AO$8:$AO$1039,$O$8:$O$1039,AV7,$AB$8:$AB$1039,AS15,$R$8:$R$1039,AR15)<=D27) -> TRUE | AW15: =AND(SUMIFS($AN$8:$AN$1039,$O$8:$O$1039,AW7,$AB$8:$AB$1039,AS15,$R$8:$R$1039,AR15)<=D33,SUMIFS($AO$8:$AO$1039,$O$8:$O$1039,AW7,$AB$8:$AB$1039,AS15,$R$8:$R$1039,AR15)<=D39) -> TRUE | AX15: =AND(SUMIFS($AN$8:$AN$1039,$O$8:$O$1039,AX7,$AB$8:$AB$1039,AS15,$R$8:$R$1039,AR15)<=D45,SUMIFS($AO$8:$AO$1039,$O$8:$O$1039,AX7,$AB$8:$AB$1039,AS15,$R$8:$R$1039,AR15)<=D51) -> TRUE | AY15: =AND(SUMIFS($AN$8:$AN$1039,$O$8:$O$1039,AY7,$AB$8:$AB$1039,AS15,$R$8:$R$1039,AR15)<=D57,SUMIFS($AO$8:$AO$1039,$O$8:$O$1039,AY7,$AB$8:$AB$1039,AS15,$R$8:$R$1039,AR15)<=D63) -> TRUE | AZ15: =AND(SUMIFS($AN$8:$AN$1039,$O$8:$O$1039,AZ7,$AB$8:$AB$1039,AS15,$R$8:$R$1039,AR15)<=D69,SUMIFS($AO$8:$AO$1039,$O$8:$O$1039,AZ7,$AB$8:$AB$1039,AS15,$R$8:$R$1039,AR15)<=D75) -> TRUE | BA15: =AND(SUMIFS($AN$8:$AN$1039,$O$8:$O$1039,BA7,$AB$8:$AB$1039,AS15,$R$8:$R$1039,AR15)<=D81,SUMIFS($AO$8:$AO$1039,$O$8:$O$1039,BA7,$AB$8:$AB$1039,AS15,$R$8:$R$1039,AR15)<=D87) -> TRUE | BB15: =AND(SUMIFS($AN$8:$AN$1039,$O$8:$O$1039,BB7,$AB$8:$AB$1039,AS15,$R$8:$R$1039,AR15)<=D93,SUMIFS($AO$8:$AO$1039,$O$8:$O$1039,BB7,$AB$8:$AB$1039,AS15,$R$8:$R$1039,AR15)<=D99) -> TRUE
B16: C+ | C16: 0 | D16: 0 | E16: 0 | O16: Q1’26 | P16: 1 | Q16: 3 | R16: 3 | T16: =(S14+S15+S16)=N2 -> FALSE | X16: =MAX(S13-S16,0) -> 0 | Y16: 0 | AA16: 8 | AB16: F | AC16: F+ | AD16: 27 | AE16: 23 | AF16: 0.8 | AG16: 0.9 | AH16: 0 | AI16: 0 | AJ16: =SUMIFS(AH$8:AH$1039,$O$8:$O$1039,O16,$AB$8:$AB$1039,AB16,$R$8:$R$1039,R16,$AA$8:$AA$1039,"<="&AA16) -> 0 | AK16: =E13 -> 36 | AL16: =E19 -> 0 | AM16: =MAX(0,AJ16-AK16) -> 0 | AN16: =IF(AM16=0,AH16,IF(AM16>=AH16,0,AH16-AM16)) -> 0 | AO16: =IF(AM16>=AH16,AI16,AI16*AM16/AH16) -> 0 | AP16: {=INDEX($AU$8:$BB$25,6*(R16-1)+MATCH(AB16,$AS$8:$AS$13,0),MATCH(O16,$AU$7:$BB$7,0))} -> TRUE | AR16: 2 | AS16: C | AT16: C+ | AU16: =AND(SUMIFS($AN$8:$AN$1039,$O$8:$O$1039,AU7,$AB$8:$AB$1039,AS16,$R$8:$R$1039,AR16)<=D10,SUMIFS($AO$8:$AO$1039,$O$8:$O$1039,AU7,$AB$8:$AB$1039,AS16,$R$8:$R$1039,AR16)<=D16) -> TRUE | AV16: =AND(SUMIFS($AN$8:$AN$1039,$O$8:$O$1039,AV7,$AB$8:$AB$1039,AS16,$R$8:$R$1039,AR16)<=D22,SUMIFS($AO$8:$AO$1039,$O$8:$O$1039,AV7,$AB$8:$AB$1039,AS16,$R$8:$R$1039,AR16)<=D28) -> TRUE | AW16: =AND(SUMIFS($AN$8:$AN$1039,$O$8:$O$1039,AW7,$AB$8:$AB$1039,AS16,$R$8:$R$1039,AR16)<=D34,SUMIFS($AO$8:$AO$1039,$O$8:$O$1039,AW7,$AB$8:$AB$1039,AS16,$R$8:$R$1039,AR16)<=D40) -> TRUE | AX16: =AND(SUMIFS($AN$8:$AN$1039,$O$8:$O$1039,AX7,$AB$8:$AB$1039,AS16,$R$8:$R$1039,AR16)<=D46,SUMIFS($AO$8:$AO$1039,$O$8:$O$1039,AX7,$AB$8:$AB$1039,AS16,$R$8:$R$1039,AR16)<=D52) -> TRUE | AY16: =AND(SUMIFS($AN$8:$AN$1039,$O$8:$O$1039,AY7,$AB$8:$AB$1039,AS16,$R$8:$R$1039,AR16)<=D58,SUMIFS($AO$8:$AO$1039,$O$8:$O$1039,AY7,$AB$8:$AB$1039,AS16,$R$8:$R$1039,AR16)<=D64) -> TRUE | AZ16: =AND(SUMIFS($AN$8:$AN$1039,$O$8:$O$1039,AZ7,$AB$8:$AB$1039,AS16,$R$8:$R$1039,AR16)<=D70,SUMIFS($AO$8:$AO$1039,$O$8:$O$1039,AZ7,$AB$8:$AB$1039,AS16,$R$8:$R$1039,AR16)<=D76) -> TRUE | BA16: =AND(SUMIFS($AN$8:$AN$1039,$O$8:$O$1039,BA7,$AB$8:$AB$1039,AS16,$R$8:$R$1039,AR16)<=D82,SUMIFS($AO$8:$AO$1039,$O$8:$O$1039,BA7,$AB$8:$AB$1039,AS16,$R$8:$R$1039,AR16)<=D88) -> TRUE | BB16: =AND(SUMIFS($AN$8:$AN$1039,$O$8:$O$1039,BB7,$AB$8:$AB$1039,AS16,$R$8:$R$1039,AR16)<=D94,SUMIFS($AO$8:$AO$1039,$O$8:$O$1039,BB7,$AB$8:$AB$1039,AS16,$R$8:$R$1039,AR16)<=D100) -> TRUE
B17: D+ | C17: 0 | D17: 0 | E17: 0 | O17: Q1’26 | P17: 1 | Q17: 4 | R17: 1 | T17: =(S17+S18+S19)=N2 -> FALSE | X17: =MAX(S14-S17,0) -> 0 | Y17: 0 | AA17: 3 | AB17: A | AC17: A+ | AD17: 20 | AE17: 16 | AF17: 0.78 | AG17: 0.84 | AH17: 0 | AI17: 0 | AJ17: =SUMIFS(AH$8:AH$1039,$O$8:$O$1039,O17,$AB$8:$AB$1039,AB17,$R$8:$R$1039,R17,$AA$8:$AA$1039,"<="&AA17) -> 0 | AK17: =C8 -> 50 | AL17: =C14 -> 0 | AM17: =MAX(0,AJ17-AK17) -> 0 | AN17: =IF(AM17=0,AH17,IF(AM17>=AH17,0,AH17-AM17)) -> 0 | AO17: =IF(AM17>=AH17,AI17,AI17*AM17/AH17) -> 0 | AP17: {=INDEX($AU$8:$BB$25,6*(R17-1)+MATCH(AB17,$AS$8:$AS$13,0),MATCH(O17,$AU$7:$BB$7,0))} -> TRUE | AR17: 2 | AS17: D | AT17: D+ | AU17: =AND(SUMIFS($AN$8:$AN$1039,$O$8:$O$1039,AU7,$AB$8:$AB$1039,AS17,$R$8:$R$1039,AR17)<=D11,SUMIFS($AO$8:$AO$1039,$O$8:$O$1039,AU7,$AB$8:$AB$1039,AS17,$R$8:$R$1039,AR17)<=D17) -> TRUE | AV17: =AND(SUMIFS($AN$8:$AN$1039,$O$8:$O$1039,AV7,$AB$8:$AB$1039,AS17,$R$8:$R$1039,AR17)<=D23,SUMIFS($AO$8:$AO$1039,$O$8:$O$1039,AV7,$AB$8:$AB$1039,AS17,$R$8:$R$1039,AR17)<=D29) -> TRUE | AW17: =AND(SUMIFS($AN$8:$AN$1039,$O$8:$O$1039,AW7,$AB$8:$AB$1039,AS17,$R$8:$R$1039,AR17)<=D35,SUMIFS($AO$8:$AO$1039,$O$8:$O$1039,AW7,$AB$8:$AB$1039,AS17,$R$8:$R$1039,AR17)<=D41) -> TRUE | AX17: =AND(SUMIFS($AN$8:$AN$1039,$O$8:$O$1039,AX7,$AB$8:$AB$1039,AS17,$R$8:$R$1039,AR17)<=D47,SUMIFS($AO$8:$AO$1039,$O$8:$O$1039,AX7,$AB$8:$AB$1039,AS17,$R$8:$R$1039,AR17)<=D53) -> TRUE | AY17: =AND(SUMIFS($AN$8:$AN$1039,$O$8:$O$1039,AY7,$AB$8:$AB$1039,AS17,$R$8:$R$1039,AR17)<=D59,SUMIFS($AO$8:$AO$1039,$O$8:$O$1039,AY7,$AB$8:$AB$1039,AS17,$R$8:$R$1039,AR17)<=D65) -> TRUE | AZ17: =AND(SUMIFS($AN$8:$AN$1039,$O$8:$O$1039,AZ7,$AB$8:$AB$1039,AS17,$R$8:$R$1039,AR17)<=D71,SUMIFS($AO$8:$AO$1039,$O$8:$O$1039,AZ7,$AB$8:$AB$1039,AS17,$R$8:$R$1039,AR17)<=D77) -> TRUE | BA17: =AND(SUMIFS($AN$8:$AN$1039,$O$8:$O$1039,BA7,$AB$8:$AB$1039,AS17,$R$8:$R$1039,AR17)<=D83,SUMIFS($AO$8:$AO$1039,$O$8:$O$1039,BA7,$AB$8:$AB$1039,AS17,$R$8:$R$1039,AR17)<=D89) -> TRUE | BB17: =AND(SUMIFS($AN$8:$AN$1039,$O$8:$O$1039,BB7,$AB$8:$AB$1039,AS17,$R$8:$R$1039,AR17)<=D95,SUMIFS($AO$8:$AO$1039,$O$8:$O$1039,BB7,$AB$8:$AB$1039,AS17,$R$8:$R$1039,AR17)<=D101) -> TRUE
B18: E+ | C18: 0 | D18: 0 | E18: 0 | O18: Q1’26 | P18: 1 | Q18: 4 | R18: 2 | T18: =(S17+S18+S19)=N2 -> FALSE | X18: =MAX(S15-S18,0) -> 0 | Y18: 0 | AA18: 3 | AB18: A | AC18: A+ | AD18: 20 | AE18: 16 | AF18: 0.78 | AG18: 0.84 | AH18: 0 | AI18: 0 | AJ18: =SUMIFS(AH$8:AH$1039,$O$8:$O$1039,O18,$AB$8:$AB$1039,AB18,$R$8:$R$1039,R18,$AA$8:$AA$1039,"<="&AA18) -> 0 | AK18: =D8 -> 35 | AL18: =D14 -> 0 | AM18: =MAX(0,AJ18-AK18) -> 0 | AN18: =IF(AM18=0,AH18,IF(AM18>=AH18,0,AH18-AM18)) -> 0 | AO18: =IF(AM18>=AH18,AI18,AI18*AM18/AH18) -> 0 | AP18: {=INDEX($AU$8:$BB$25,6*(R18-1)+MATCH(AB18,$AS$8:$AS$13,0),MATCH(O18,$AU$7:$BB$7,0))} -> TRUE | AR18: 2 | AS18: E | AT18: E+ | AU18: =AND(SUMIFS($AN$8:$AN$1039,$O$8:$O$1039,AU7,$AB$8:$AB$1039,AS18,$R$8:$R$1039,AR18)<=D12,SUMIFS($AO$8:$AO$1039,$O$8:$O$1039,AU7,$AB$8:$AB$1039,AS18,$R$8:$R$1039,AR18)<=D18) -> TRUE | AV18: =AND(SUMIFS($AN$8:$AN$1039,$O$8:$O$1039,AV7,$AB$8:$AB$1039,AS18,$R$8:$R$1039,AR18)<=D24,SUMIFS($AO$8:$AO$1039,$O$8:$O$1039,AV7,$AB$8:$AB$1039,AS18,$R$8:$R$1039,AR18)<=D30) -> TRUE | AW18: =AND(SUMIFS($AN$8:$AN$1039,$O$8:$O$1039,AW7,$AB$8:$AB$1039,AS18,$R$8:$R$1039,AR18)<=D36,SUMIFS($AO$8:$AO$1039,$O$8:$O$1039,AW7,$AB$8:$AB$1039,AS18,$R$8:$R$1039,AR18)<=D42) -> TRUE | AX18: =AND(SUMIFS($AN$8:$AN$1039,$O$8:$O$1039,AX7,$AB$8:$AB$1039,AS18,$R$8:$R$1039,AR18)<=D48,SUMIFS($AO$8:$AO$1039,$O$8:$O$1039,AX7,$AB$8:$AB$1039,AS18,$R$8:$R$1039,AR18)<=D54) -> TRUE | AY18: =AND(SUMIFS($AN$8:$AN$1039,$O$8:$O$1039,AY7,$AB$8:$AB$1039,AS18,$R$8:$R$1039,AR18)<=D60,SUMIFS($AO$8:$AO$1039,$O$8:$O$1039,AY7,$AB$8:$AB$1039,AS18,$R$8:$R$1039,AR18)<=D66) -> TRUE | AZ18: =AND(SUMIFS($AN$8:$AN$1039,$O$8:$O$1039,AZ7,$AB$8:$AB$1039,AS18,$R$8:$R$1039,AR18)<=D72,SUMIFS($AO$8:$AO$1039,$O$8:$O$1039,AZ7,$AB$8:$AB$1039,AS18,$R$8:$R$1039,AR18)<=D78) -> TRUE | BA18: =AND(SUMIFS($AN$8:$AN$1039,$O$8:$O$1039,BA7,$AB$8:$AB$1039,AS18,$R$8:$R$1039,AR18)<=D84,SUMIFS($AO$8:$AO$1039,$O$8:$O$1039,BA7,$AB$8:$AB$1039,AS18,$R$8:$R$1039,AR18)<=D90) -> TRUE | BB18: =AND(SUMIFS($AN$8:$AN$1039,$O$8:$O$1039,BB7,$AB$8:$AB$1039,AS18,$R$8:$R$1039,AR18)<=D96,SUMIFS($AO$8:$AO$1039,$O$8:$O$1039,BB7,$AB$8:$AB$1039,AS18,$R$8:$R$1039,AR18)<=D102) -> TRUE
B19: F+ | C19: 0 | D19: 0 | E19: 0 | F19: Fab 1 space | G19: Fab 2 space | H19: Fab 3 space | O19: Q1’26 | P19: 1 | Q19: 4 | R19: 3 | T19: =(S17+S18+S19)=N2 -> FALSE | X19: =MAX(S16-S19,0) -> 0 | Y19: 0 | AA19: 3 | AB19: A | AC19: A+ | AD19: 20 | AE19: 16 | AF19: 0.78 | AG19: 0.84 | AH19: 0 | AI19: 0 | AJ19: =SUMIFS(AH$8:AH$1039,$O$8:$O$1039,O19,$AB$8:$AB$1039,AB19,$R$8:$R$1039,R19,$AA$8:$AA$1039,"<="&AA19) -> 0 | AK19: =E8 -> 0 | AL19: =E14 -> 0 | AM19: =MAX(0,AJ19-AK19) -> 0 | AN19: =IF(AM19=0,AH19,IF(AM19>=AH19,0,AH19-AM19)) -> 0 | AO19: =IF(AM19>=AH19,AI19,AI19*AM19/AH19) -> 0 | AP19: {=INDEX($AU$8:$BB$25,6*(R19-1)+MATCH(AB19,$AS$8:$AS$13,0),MATCH(O19,$AU$7:$BB$7,0))} -> TRUE | AR19: 2 | AS19: F | AT19: F+ | AU19: =AND(SUMIFS($AN$8:$AN$1039,$O$8:$O$1039,AU7,$AB$8:$AB$1039,AS19,$R$8:$R$1039,AR19)<=D13,SUMIFS($AO$8:$AO$1039,$O$8:$O$1039,AU7,$AB$8:$AB$1039,AS19,$R$8:$R$1039,AR19)<=D19) -> TRUE | AV19: =AND(SUMIFS($AN$8:$AN$1039,$O$8:$O$1039,AV7,$AB$8:$AB$1039,AS19,$R$8:$R$1039,AR19)<=D25,SUMIFS($AO$8:$AO$1039,$O$8:$O$1039,AV7,$AB$8:$AB$1039,AS19,$R$8:$R$1039,AR19)<=D31) -> TRUE | AW19: =AND(SUMIFS($AN$8:$AN$1039,$O$8:$O$1039,AW7,$AB$8:$AB$1039,AS19,$R$8:$R$1039,AR19)<=D37,SUMIFS($AO$8:$AO$1039,$O$8:$O$1039,AW7,$AB$8:$AB$1039,AS19,$R$8:$R$1039,AR19)<=D43) -> TRUE | AX19: =AND(SUMIFS($AN$8:$AN$1039,$O$8:$O$1039,AX7,$AB$8:$AB$1039,AS19,$R$8:$R$1039,AR19)<=D49,SUMIFS($AO$8:$AO$1039,$O$8:$O$1039,AX7,$AB$8:$AB$1039,AS19,$R$8:$R$1039,AR19)<=D55) -> TRUE | AY19: =AND(SUMIFS($AN$8:$AN$1039,$O$8:$O$1039,AY7,$AB$8:$AB$1039,AS19,$R$8:$R$1039,AR19)<=D61,SUMIFS($AO$8:$AO$1039,$O$8:$O$1039,AY7,$AB$8:$AB$1039,AS19,$R$8:$R$1039,AR19)<=D67) -> TRUE | AZ19: =AND(SUMIFS($AN$8:$AN$1039,$O$8:$O$1039,AZ7,$AB$8:$AB$1039,AS19,$R$8:$R$1039,AR19)<=D73,SUMIFS($AO$8:$AO$1039,$O$8:$O$1039,AZ7,$AB$8:$AB$1039,AS19,$R$8:$R$1039,AR19)<=D79) -> TRUE | BA19: =AND(SUMIFS($AN$8:$AN$1039,$O$8:$O$1039,BA7,$AB$8:$AB$1039,AS19,$R$8:$R$1039,AR19)<=D85,SUMIFS($AO$8:$AO$1039,$O$8:$O$1039,BA7,$AB$8:$AB$1039,AS19,$R$8:$R$1039,AR19)<=D91) -> TRUE | BB19: =AND(SUMIFS($AN$8:$AN$1039,$O$8:$O$1039,BB7,$AB$8:$AB$1039,AS19,$R$8:$R$1039,AR19)<=D97,SUMIFS($AO$8:$AO$1039,$O$8:$O$1039,BB7,$AB$8:$AB$1039,AS19,$R$8:$R$1039,AR19)<=D103) -> TRUE
A20: WS Component for Q2’26 | B20: A | F20: {=SUM(C20:C31*data!$B$3:$B$14)} -> 0 | G20: {=SUM(D20:D31*data!$B$3:$B$14)} -> 0 | H20: {=SUM(E20:E31*data!$B$3:$B$14)} -> 0 | I20: <- make sure its green | O20: Q1’26 | P20: 1 | Q20: 5 | R20: 1 | T20: =(S20+S21+S22)=N2 -> FALSE | X20: =MAX(S17-S20,0) -> 0 | Y20: 0 | AA20: 11 | AB20: F | AC20: F+ | AD20: 12 | AE20: 9 | AF20: 0.8 | AG20: 0.9 | AH20: 0 | AI20: 0 | AJ20: =SUMIFS(AH$8:AH$1039,$O$8:$O$1039,O20,$AB$8:$AB$1039,AB20,$R$8:$R$1039,R20,$AA$8:$AA$1039,"<="&AA20) -> 0 | AK20: =C13 -> 90 | AL20: =C19 -> 0 | AM20: =MAX(0,AJ20-AK20) -> 0 | AN20: =IF(AM20=0,AH20,IF(AM20>=AH20,0,AH20-AM20)) -> 0 | AO20: =IF(AM20>=AH20,AI20,AI20*AM20/AH20) -> 0 | AP20: {=INDEX($AU$8:$BB$25,6*(R20-1)+MATCH(AB20,$AS$8:$AS$13,0),MATCH(O20,$AU$7:$BB$7,0))} -> TRUE | AR20: 3 | AS20: A | AT20: A+ | AU20: =AND(SUMIFS($AN$8:$AN$1039,$O$8:$O$1039,AU7,$AB$8:$AB$1039,AS20,$R$8:$R$1039,AR20)<=E8,SUMIFS($AO$8:$AO$1039,$O$8:$O$1039,AU7,$AB$8:$AB$1039,AS20,$R$8:$R$1039,AR20)<=E14) -> TRUE | AV20: =AND(SUMIFS($AN$8:$AN$1039,$O$8:$O$1039,AV7,$AB$8:$AB$1039,AS20,$R$8:$R$1039,AR20)<=E20,SUMIFS($AO$8:$AO$1039,$O$8:$O$1039,AV7,$AB$8:$AB$1039,AS20,$R$8:$R$1039,AR20)<=E26) -> TRUE | AW20: =AND(SUMIFS($AN$8:$AN$1039,$O$8:$O$1039,AW7,$AB$8:$AB$1039,AS20,$R$8:$R$1039,AR20)<=E32,SUMIFS($AO$8:$AO$1039,$O$8:$O$1039,AW7,$AB$8:$AB$1039,AS20,$R$8:$R$1039,AR20)<=E38) -> TRUE | AX20: =AND(SUMIFS($AN$8:$AN$1039,$O$8:$O$1039,AX7,$AB$8:$AB$1039,AS20,$R$8:$R$1039,AR20)<=E44,SUMIFS($AO$8:$AO$1039,$O$8:$O$1039,AX7,$AB$8:$AB$1039,AS20,$R$8:$R$1039,AR20)<=E50) -> TRUE | AY20: =AND(SUMIFS($AN$8:$AN$1039,$O$8:$O$1039,AY7,$AB$8:$AB$1039,AS20,$R$8:$R$1039,AR20)<=E56,SUMIFS($AO$8:$AO$1039,$O$8:$O$1039,AY7,$AB$8:$AB$1039,AS20,$R$8:$R$1039,AR20)<=E62) -> TRUE | AZ20: =AND(SUMIFS($AN$8:$AN$1039,$O$8:$O$1039,AZ7,$AB$8:$AB$1039,AS20,$R$8:$R$1039,AR20)<=E68,SUMIFS($AO$8:$AO$1039,$O$8:$O$1039,AZ7,$AB$8:$AB$1039,AS20,$R$8:$R$1039,AR20)<=E74) -> TRUE | BA20: =AND(SUMIFS($AN$8:$AN$1039,$O$8:$O$1039,BA7,$AB$8:$AB$1039,AS20,$R$8:$R$1039,AR20)<=E80,SUMIFS($AO$8:$AO$1039,$O$8:$O$1039,BA7,$AB$8:$AB$1039,AS20,$R$8:$R$1039,AR20)<=E86) -> TRUE | BB20: =AND(SUMIFS($AN$8:$AN$1039,$O$8:$O$1039,BB7,$AB$8:$AB$1039,AS20,$R$8:$R$1039,AR20)<=E92,SUMIFS($AO$8:$AO$1039,$O$8:$O$1039,BB7,$AB$8:$AB$1039,AS20,$R$8:$R$1039,AR20)<=E98) -> TRUE
B21: B | O21: Q1’26 | P21: 1 | Q21: 5 | R21: 2 | T21: =(S20+S21+S22)=N2 -> FALSE | X21: =MAX(S18-S21,0) -> 0 | Y21: 0 | AA21: 11 | AB21: F | AC21: F+ | AD21: 12 | AE21: 9 | AF21: 0.8 | AG21: 0.9 | AH21: 0 | AI21: 0 | AJ21: =SUMIFS(AH$8:AH$1039,$O$8:$O$1039,O21,$AB$8:$AB$1039,AB21,$R$8:$R$1039,R21,$AA$8:$AA$1039,"<="&AA21) -> 0 | AK21: =D13 -> 60 | AL21: =D19 -> 0 | AM21: =MAX(0,AJ21-AK21) -> 0 | AN21: =IF(AM21=0,AH21,IF(AM21>=AH21,0,AH21-AM21)) -> 0 | AO21: =IF(AM21>=AH21,AI21,AI21*AM21/AH21) -> 0 | AP21: {=INDEX($AU$8:$BB$25,6*(R21-1)+MATCH(AB21,$AS$8:$AS$13,0),MATCH(O21,$AU$7:$BB$7,0))} -> TRUE | AR21: 3 | AS21: B | AT21: B+ | AU21: =AND(SUMIFS($AN$8:$AN$1039,$O$8:$O$1039,AU7,$AB$8:$AB$1039,AS21,$R$8:$R$1039,AR21)<=E9,SUMIFS($AO$8:$AO$1039,$O$8:$O$1039,AU7,$AB$8:$AB$1039,AS21,$R$8:$R$1039,AR21)<=E15) -> TRUE | AV21: =AND(SUMIFS($AN$8:$AN$1039,$O$8:$O$1039,AV7,$AB$8:$AB$1039,AS21,$R$8:$R$1039,AR21)<=E21,SUMIFS($AO$8:$AO$1039,$O$8:$O$1039,AV7,$AB$8:$AB$1039,AS21,$R$8:$R$1039,AR21)<=E27) -> TRUE | AW21: =AND(SUMIFS($AN$8:$AN$1039,$O$8:$O$1039,AW7,$AB$8:$AB$1039,AS21,$R$8:$R$1039,AR21)<=E33,SUMIFS($AO$8:$AO$1039,$O$8:$O$1039,AW7,$AB$8:$AB$1039,AS21,$R$8:$R$1039,AR21)<=E39) -> TRUE | AX21: =AND(SUMIFS($AN$8:$AN$1039,$O$8:$O$1039,AX7,$AB$8:$AB$1039,AS21,$R$8:$R$1039,AR21)<=E45,SUMIFS($AO$8:$AO$1039,$O$8:$O$1039,AX7,$AB$8:$AB$1039,AS21,$R$8:$R$1039,AR21)<=E51) -> TRUE | AY21: =AND(SUMIFS($AN$8:$AN$1039,$O$8:$O$1039,AY7,$AB$8:$AB$1039,AS21,$R$8:$R$1039,AR21)<=E57,SUMIFS($AO$8:$AO$1039,$O$8:$O$1039,AY7,$AB$8:$AB$1039,AS21,$R$8:$R$1039,AR21)<=E63) -> TRUE | AZ21: =AND(SUMIFS($AN$8:$AN$1039,$O$8:$O$1039,AZ7,$AB$8:$AB$1039,AS21,$R$8:$R$1039,AR21)<=E69,SUMIFS($AO$8:$AO$1039,$O$8:$O$1039,AZ7,$AB$8:$AB$1039,AS21,$R$8:$R$1039,AR21)<=E75) -> TRUE | BA21: =AND(SUMIFS($AN$8:$AN$1039,$O$8:$O$1039,BA7,$AB$8:$AB$1039,AS21,$R$8:$R$1039,AR21)<=E81,SUMIFS($AO$8:$AO$1039,$O$8:$O$1039,BA7,$AB$8:$AB$1039,AS21,$R$8:$R$1039,AR21)<=E87) -> TRUE | BB21: =AND(SUMIFS($AN$8:$AN$1039,$O$8:$O$1039,BB7,$AB$8:$AB$1039,AS21,$R$8:$R$1039,AR21)<=E93,SUMIFS($AO$8:$AO$1039,$O$8:$O$1039,BB7,$AB$8:$AB$1039,AS21,$R$8:$R$1039,AR21)<=E99) -> TRUE
B22: C | F22: New tool purchase cost | O22: Q1’26 | P22: 1 | Q22: 5 | R22: 3 | T22: =(S20+S21+S22)=N2 -> FALSE | X22: =MAX(S19-S22,0) -> 0 | Y22: 0 | AA22: 11 | AB22: F | AC22: F+ | AD22: 12 | AE22: 9 | AF22: 0.8 | AG22: 0.9 | AH22: 0 | AI22: 0 | AJ22: =SUMIFS(AH$8:AH$1039,$O$8:$O$1039,O22,$AB$8:$AB$1039,AB22,$R$8:$R$1039,R22,$AA$8:$AA$1039,"<="&AA22) -> 0 | AK22: =E13 -> 36 | AL22: =E19 -> 0 | AM22: =MAX(0,AJ22-AK22) -> 0 | AN22: =IF(AM22=0,AH22,IF(AM22>=AH22,0,AH22-AM22)) -> 0 | AO22: =IF(AM22>=AH22,AI22,AI22*AM22/AH22) -> 0 | AP22: {=INDEX($AU$8:$BB$25,6*(R22-1)+MATCH(AB22,$AS$8:$AS$13,0),MATCH(O22,$AU$7:$BB$7,0))} -> TRUE | AR22: 3 | AS22: C | AT22: C+ | AU22: =AND(SUMIFS($AN$8:$AN$1039,$O$8:$O$1039,AU7,$AB$8:$AB$1039,AS22,$R$8:$R$1039,AR22)<=E10,SUMIFS($AO$8:$AO$1039,$O$8:$O$1039,AU7,$AB$8:$AB$1039,AS22,$R$8:$R$1039,AR22)<=E16) -> TRUE | AV22: =AND(SUMIFS($AN$8:$AN$1039,$O$8:$O$1039,AV7,$AB$8:$AB$1039,AS22,$R$8:$R$1039,AR22)<=E22,SUMIFS($AO$8:$AO$1039,$O$8:$O$1039,AV7,$AB$8:$AB$1039,AS22,$R$8:$R$1039,AR22)<=E28) -> TRUE | AW22: =AND(SUMIFS($AN$8:$AN$1039,$O$8:$O$1039,AW7,$AB$8:$AB$1039,AS22,$R$8:$R$1039,AR22)<=E34,SUMIFS($AO$8:$AO$1039,$O$8:$O$1039,AW7,$AB$8:$AB$1039,AS22,$R$8:$R$1039,AR22)<=E40) -> TRUE | AX22: =AND(SUMIFS($AN$8:$AN$1039,$O$8:$O$1039,AX7,$AB$8:$AB$1039,AS22,$R$8:$R$1039,AR22)<=E46,SUMIFS($AO$8:$AO$1039,$O$8:$O$1039,AX7,$AB$8:$AB$1039,AS22,$R$8:$R$1039,AR22)<=E52) -> TRUE | AY22: =AND(SUMIFS($AN$8:$AN$1039,$O$8:$O$1039,AY7,$AB$8:$AB$1039,AS22,$R$8:$R$1039,AR22)<=E58,SUMIFS($AO$8:$AO$1039,$O$8:$O$1039,AY7,$AB$8:$AB$1039,AS22,$R$8:$R$1039,AR22)<=E64) -> TRUE | AZ22: =AND(SUMIFS($AN$8:$AN$1039,$O$8:$O$1039,AZ7,$AB$8:$AB$1039,AS22,$R$8:$R$1039,AR22)<=E70,SUMIFS($AO$8:$AO$1039,$O$8:$O$1039,AZ7,$AB$8:$AB$1039,AS22,$R$8:$R$1039,AR22)<=E76) -> TRUE | BA22: =AND(SUMIFS($AN$8:$AN$1039,$O$8:$O$1039,BA7,$AB$8:$AB$1039,AS22,$R$8:$R$1039,AR22)<=E82,SUMIFS($AO$8:$AO$1039,$O$8:$O$1039,BA7,$AB$8:$AB$1039,AS22,$R$8:$R$1039,AR22)<=E88) -> TRUE | BB22: =AND(SUMIFS($AN$8:$AN$1039,$O$8:$O$1039,BB7,$AB$8:$AB$1039,AS22,$R$8:$R$1039,AR22)<=E94,SUMIFS($AO$8:$AO$1039,$O$8:$O$1039,BB7,$AB$8:$AB$1039,AS22,$R$8:$R$1039,AR22)<=E100) -> TRUE
B23: D | F23: {=SUM( _xlfn.BYROW( IF(C20:E31-C8:E19>0, C20:E31-C8:E19, 0), _xleta.SUM) *data!$C$3:$C$14 )} -> 0 | O23: Q1’26 | P23: 1 | Q23: 6 | R23: 1 | T23: =(S23+S24+S25)=N2 -> FALSE | X23: =MAX(S20-S23,0) -> 0 | Y23: 0 | AA23: 7 | AB23: D | AC23: D+ | AD23: 27 | AE23: 21 | AF23: 0.8 | AG23: 0.88 | AH23: 0 | AI23: 0 | AJ23: =SUMIFS(AH$8:AH$1039,$O$8:$O$1039,O23,$AB$8:$AB$1039,AB23,$R$8:$R$1039,R23,$AA$8:$AA$1039,"<="&AA23) -> 0 | AK23: =C11 -> 50 | AL23: =C17 -> 0 | AM23: =MAX(0,AJ23-AK23) -> 0 | AN23: =IF(AM23=0,AH23,IF(AM23>=AH23,0,AH23-AM23)) -> 0 | AO23: =IF(AM23>=AH23,AI23,AI23*AM23/AH23) -> 0 | AP23: {=INDEX($AU$8:$BB$25,6*(R23-1)+MATCH(AB23,$AS$8:$AS$13,0),MATCH(O23,$AU$7:$BB$7,0))} -> TRUE | AR23: 3 | AS23: D | AT23: D+ | AU23: =AND(SUMIFS($AN$8:$AN$1039,$O$8:$O$1039,AU7,$AB$8:$AB$1039,AS23,$R$8:$R$1039,AR23)<=E11,SUMIFS($AO$8:$AO$1039,$O$8:$O$1039,AU7,$AB$8:$AB$1039,AS23,$R$8:$R$1039,AR23)<=E17) -> TRUE | AV23: =AND(SUMIFS($AN$8:$AN$1039,$O$8:$O$1039,AV7,$AB$8:$AB$1039,AS23,$R$8:$R$1039,AR23)<=E23,SUMIFS($AO$8:$AO$1039,$O$8:$O$1039,AV7,$AB$8:$AB$1039,AS23,$R$8:$R$1039,AR23)<=E29) -> TRUE | AW23: =AND(SUMIFS($AN$8:$AN$1039,$O$8:$O$1039,AW7,$AB$8:$AB$1039,AS23,$R$8:$R$1039,AR23)<=E35,SUMIFS($AO$8:$AO$1039,$O$8:$O$1039,AW7,$AB$8:$AB$1039,AS23,$R$8:$R$1039,AR23)<=E41) -> TRUE | AX23: =AND(SUMIFS($AN$8:$AN$1039,$O$8:$O$1039,AX7,$AB$8:$AB$1039,AS23,$R$8:$R$1039,AR23)<=E47,SUMIFS($AO$8:$AO$1039,$O$8:$O$1039,AX7,$AB$8:$AB$1039,AS23,$R$8:$R$1039,AR23)<=E53) -> TRUE | AY23: =AND(SUMIFS($AN$8:$AN$1039,$O$8:$O$1039,AY7,$AB$8:$AB$1039,AS23,$R$8:$R$1039,AR23)<=E59,SUMIFS($AO$8:$AO$1039,$O$8:$O$1039,AY7,$AB$8:$AB$1039,AS23,$R$8:$R$1039,AR23)<=E65) -> TRUE | AZ23: =AND(SUMIFS($AN$8:$AN$1039,$O$8:$O$1039,AZ7,$AB$8:$AB$1039,AS23,$R$8:$R$1039,AR23)<=E71,SUMIFS($AO$8:$AO$1039,$O$8:$O$1039,AZ7,$AB$8:$AB$1039,AS23,$R$8:$R$1039,AR23)<=E77) -> TRUE | BA23: =AND(SUMIFS($AN$8:$AN$1039,$O$8:$O$1039,BA7,$AB$8:$AB$1039,AS23,$R$8:$R$1039,AR23)<=E83,SUMIFS($AO$8:$AO$1039,$O$8:$O$1039,BA7,$AB$8:$AB$1039,AS23,$R$8:$R$1039,AR23)<=E89) -> TRUE | BB23: =AND(SUMIFS($AN$8:$AN$1039,$O$8:$O$1039,BB7,$AB$8:$AB$1039,AS23,$R$8:$R$1039,AR23)<=E95,SUMIFS($AO$8:$AO$1039,$O$8:$O$1039,BB7,$AB$8:$AB$1039,AS23,$R$8:$R$1039,AR23)<=E101) -> TRUE
B24: E | F24: Moveout cost | O24: Q1’26 | P24: 1 | Q24: 6 | R24: 2 | T24: =(S23+S24+S25)=N2 -> FALSE | X24: =MAX(S21-S24,0) -> 0 | Y24: 0 | AA24: 7 | AB24: D | AC24: D+ | AD24: 27 | AE24: 21 | AF24: 0.8 | AG24: 0.88 | AH24: 0 | AI24: 0 | AJ24: =SUMIFS(AH$8:AH$1039,$O$8:$O$1039,O24,$AB$8:$AB$1039,AB24,$R$8:$R$1039,R24,$AA$8:$AA$1039,"<="&AA24) -> 0 | AK24: =D11 -> 50 | AL24: =D17 -> 0 | AM24: =MAX(0,AJ24-AK24) -> 0 | AN24: =IF(AM24=0,AH24,IF(AM24>=AH24,0,AH24-AM24)) -> 0 | AO24: =IF(AM24>=AH24,AI24,AI24*AM24/AH24) -> 0 | AP24: {=INDEX($AU$8:$BB$25,6*(R24-1)+MATCH(AB24,$AS$8:$AS$13,0),MATCH(O24,$AU$7:$BB$7,0))} -> TRUE | AR24: 3 | AS24: E | AT24: E+ | AU24: =AND(SUMIFS($AN$8:$AN$1039,$O$8:$O$1039,AU7,$AB$8:$AB$1039,AS24,$R$8:$R$1039,AR24)<=E12,SUMIFS($AO$8:$AO$1039,$O$8:$O$1039,AU7,$AB$8:$AB$1039,AS24,$R$8:$R$1039,AR24)<=E18) -> TRUE | AV24: =AND(SUMIFS($AN$8:$AN$1039,$O$8:$O$1039,AV7,$AB$8:$AB$1039,AS24,$R$8:$R$1039,AR24)<=E24,SUMIFS($AO$8:$AO$1039,$O$8:$O$1039,AV7,$AB$8:$AB$1039,AS24,$R$8:$R$1039,AR24)<=E30) -> TRUE | AW24: =AND(SUMIFS($AN$8:$AN$1039,$O$8:$O$1039,AW7,$AB$8:$AB$1039,AS24,$R$8:$R$1039,AR24)<=E36,SUMIFS($AO$8:$AO$1039,$O$8:$O$1039,AW7,$AB$8:$AB$1039,AS24,$R$8:$R$1039,AR24)<=E42) -> TRUE | AX24: =AND(SUMIFS($AN$8:$AN$1039,$O$8:$O$1039,AX7,$AB$8:$AB$1039,AS24,$R$8:$R$1039,AR24)<=E48,SUMIFS($AO$8:$AO$1039,$O$8:$O$1039,AX7,$AB$8:$AB$1039,AS24,$R$8:$R$1039,AR24)<=E54) -> TRUE | AY24: =AND(SUMIFS($AN$8:$AN$1039,$O$8:$O$1039,AY7,$AB$8:$AB$1039,AS24,$R$8:$R$1039,AR24)<=E60,SUMIFS($AO$8:$AO$1039,$O$8:$O$1039,AY7,$AB$8:$AB$1039,AS24,$R$8:$R$1039,AR24)<=E66) -> TRUE | AZ24: =AND(SUMIFS($AN$8:$AN$1039,$O$8:$O$1039,AZ7,$AB$8:$AB$1039,AS24,$R$8:$R$1039,AR24)<=E72,SUMIFS($AO$8:$AO$1039,$O$8:$O$1039,AZ7,$AB$8:$AB$1039,AS24,$R$8:$R$1039,AR24)<=E78) -> TRUE | BA24: =AND(SUMIFS($AN$8:$AN$1039,$O$8:$O$1039,BA7,$AB$8:$AB$1039,AS24,$R$8:$R$1039,AR24)<=E84,SUMIFS($AO$8:$AO$1039,$O$8:$O$1039,BA7,$AB$8:$AB$1039,AS24,$R$8:$R$1039,AR24)<=E90) -> TRUE | BB24: =AND(SUMIFS($AN$8:$AN$1039,$O$8:$O$1039,BB7,$AB$8:$AB$1039,AS24,$R$8:$R$1039,AR24)<=E96,SUMIFS($AO$8:$AO$1039,$O$8:$O$1039,BB7,$AB$8:$AB$1039,AS24,$R$8:$R$1039,AR24)<=E102) -> TRUE
B25: F | F25: {=SUM( _xlfn.BYROW( IF(C20:E31-C8:E19<0, C20:E31-C8:E19, 0), _xleta.SUM) * -1000000 )} -> 587000000 | O25: Q1’26 | P25: 1 | Q25: 6 | R25: 3 | T25: =(S23+S24+S25)=N2 -> FALSE | X25: =MAX(S22-S25,0) -> 0 | Y25: 0 | AA25: 7 | AB25: D | AC25: D+ | AD25: 27 | AE25: 21 | AF25: 0.8 | AG25: 0.88 | AH25: 0 | AI25: 0 | AJ25: =SUMIFS(AH$8:AH$1039,$O$8:$O$1039,O25,$AB$8:$AB$1039,AB25,$R$8:$R$1039,R25,$AA$8:$AA$1039,"<="&AA25) -> 0 | AK25: =E11 -> 35 | AL25: =E17 -> 0 | AM25: =MAX(0,AJ25-AK25) -> 0 | AN25: =IF(AM25=0,AH25,IF(AM25>=AH25,0,AH25-AM25)) -> 0 | AO25: =IF(AM25>=AH25,AI25,AI25*AM25/AH25) -> 0 | AP25: {=INDEX($AU$8:$BB$25,6*(R25-1)+MATCH(AB25,$AS$8:$AS$13,0),MATCH(O25,$AU$7:$BB$7,0))} -> TRUE | AR25: 3 | AS25: F | AT25: F+ | AU25: =AND(SUMIFS($AN$8:$AN$1039,$O$8:$O$1039,AU7,$AB$8:$AB$1039,AS25,$R$8:$R$1039,AR25)<=E13,SUMIFS($AO$8:$AO$1039,$O$8:$O$1039,AU7,$AB$8:$AB$1039,AS25,$R$8:$R$1039,AR25)<=E19) -> TRUE | AV25: =AND(SUMIFS($AN$8:$AN$1039,$O$8:$O$1039,AV7,$AB$8:$AB$1039,AS25,$R$8:$R$1039,AR25)<=E25,SUMIFS($AO$8:$AO$1039,$O$8:$O$1039,AV7,$AB$8:$AB$1039,AS25,$R$8:$R$1039,AR25)<=E31) -> TRUE | AW25: =AND(SUMIFS($AN$8:$AN$1039,$O$8:$O$1039,AW7,$AB$8:$AB$1039,AS25,$R$8:$R$1039,AR25)<=E37,SUMIFS($AO$8:$AO$1039,$O$8:$O$1039,AW7,$AB$8:$AB$1039,AS25,$R$8:$R$1039,AR25)<=E43) -> TRUE | AX25: =AND(SUMIFS($AN$8:$AN$1039,$O$8:$O$1039,AX7,$AB$8:$AB$1039,AS25,$R$8:$R$1039,AR25)<=E49,SUMIFS($AO$8:$AO$1039,$O$8:$O$1039,AX7,$AB$8:$AB$1039,AS25,$R$8:$R$1039,AR25)<=E55) -> TRUE | AY25: =AND(SUMIFS($AN$8:$AN$1039,$O$8:$O$1039,AY7,$AB$8:$AB$1039,AS25,$R$8:$R$1039,AR25)<=E61,SUMIFS($AO$8:$AO$1039,$O$8:$O$1039,AY7,$AB$8:$AB$1039,AS25,$R$8:$R$1039,AR25)<=E67) -> TRUE | AZ25: =AND(SUMIFS($AN$8:$AN$1039,$O$8:$O$1039,AZ7,$AB$8:$AB$1039,AS25,$R$8:$R$1039,AR25)<=E73,SUMIFS($AO$8:$AO$1039,$O$8:$O$1039,AZ7,$AB$8:$AB$1039,AS25,$R$8:$R$1039,AR25)<=E79) -> TRUE | BA25: =AND(SUMIFS($AN$8:$AN$1039,$O$8:$O$1039,BA7,$AB$8:$AB$1039,AS25,$R$8:$R$1039,AR25)<=E85,SUMIFS($AO$8:$AO$1039,$O$8:$O$1039,BA7,$AB$8:$AB$1039,AS25,$R$8:$R$1039,AR25)<=E91) -> TRUE | BB25: =AND(SUMIFS($AN$8:$AN$1039,$O$8:$O$1039,BB7,$AB$8:$AB$1039,AS25,$R$8:$R$1039,AR25)<=E97,SUMIFS($AO$8:$AO$1039,$O$8:$O$1039,BB7,$AB$8:$AB$1039,AS25,$R$8:$R$1039,AR25)<=E103) -> TRUE
B26: A+ | O26: Q1’26 | P26: 1 | Q26: 7 | R26: 1 | T26: =(S26+S27+S28)=N2 -> FALSE | X26: =MAX(S23-S26,0) -> 0 | Y26: 0 | AA26: 9 | AB26: D | AC26: D+ | AD26: 17 | AE26: 13 | AF26: 0.8 | AG26: 0.88 | AH26: 0 | AI26: 0 | AJ26: =SUMIFS(AH$8:AH$1039,$O$8:$O$1039,O26,$AB$8:$AB$1039,AB26,$R$8:$R$1039,R26,$AA$8:$AA$1039,"<="&AA26) -> 0 | AK26: =C11 -> 50 | AL26: =C17 -> 0 | AM26: =MAX(0,AJ26-AK26) -> 0 | AN26: =IF(AM26=0,AH26,IF(AM26>=AH26,0,AH26-AM26)) -> 0 | AO26: =IF(AM26>=AH26,AI26,AI26*AM26/AH26) -> 0 | AP26: {=INDEX($AU$8:$BB$25,6*(R26-1)+MATCH(AB26,$AS$8:$AS$13,0),MATCH(O26,$AU$7:$BB$7,0))} -> TRUE
B27: B+ | O27: Q1’26 | P27: 1 | Q27: 7 | R27: 2 | T27: =(S26+S27+S28)=N2 -> FALSE | X27: =MAX(S24-S27,0) -> 0 | Y27: 0 | AA27: 9 | AB27: D | AC27: D+ | AD27: 17 | AE27: 13 | AF27: 0.8 | AG27: 0.88 | AH27: 0 | AI27: 0 | AJ27: =SUMIFS(AH$8:AH$1039,$O$8:$O$1039,O27,$AB$8:$AB$1039,AB27,$R$8:$R$1039,R27,$AA$8:$AA$1039,"<="&AA27) -> 0 | AK27: =D11 -> 50 | AL27: =D17 -> 0 | AM27: =MAX(0,AJ27-AK27) -> 0 | AN27: =IF(AM27=0,AH27,IF(AM27>=AH27,0,AH27-AM27)) -> 0 | AO27: =IF(AM27>=AH27,AI27,AI27*AM27/AH27) -> 0 | AP27: {=INDEX($AU$8:$BB$25,6*(R27-1)+MATCH(AB27,$AS$8:$AS$13,0),MATCH(O27,$AU$7:$BB$7,0))} -> TRUE
B28: C+ | J28: =4/16 -> 0.25 | O28: Q1’26 | P28: 1 | Q28: 7 | R28: 3 | T28: =(S26+S27+S28)=N2 -> FALSE | X28: =MAX(S25-S28,0) -> 0 | Y28: 0 | AA28: 9 | AB28: D | AC28: D+ | AD28: 17 | AE28: 13 | AF28: 0.8 | AG28: 0.88 | AH28: 0 | AI28: 0 | AJ28: =SUMIFS(AH$8:AH$1039,$O$8:$O$1039,O28,$AB$8:$AB$1039,AB28,$R$8:$R$1039,R28,$AA$8:$AA$1039,"<="&AA28) -> 0 | AK28: =E11 -> 35 | AL28: =E17 -> 0 | AM28: =MAX(0,AJ28-AK28) -> 0 | AN28: =IF(AM28=0,AH28,IF(AM28>=AH28,0,AH28-AM28)) -> 0 | AO28: =IF(AM28>=AH28,AI28,AI28*AM28/AH28) -> 0 | AP28: {=INDEX($AU$8:$BB$25,6*(R28-1)+MATCH(AB28,$AS$8:$AS$13,0),MATCH(O28,$AU$7:$BB$7,0))} -> TRUE
B29: D+ | O29: Q1’26 | P29: 1 | Q29: 8 | R29: 1 | T29: =(S29+S30+S31)=N2 -> FALSE | X29: =MAX(S26-S29,0) -> 0 | Y29: 0 | AA29: 1 | AB29: A | AC29: A+ | AD29: 18 | AE29: 16 | AF29: 0.78 | AG29: 0.84 | AH29: 0 | AI29: 0 | AJ29: =SUMIFS(AH$8:AH$1039,$O$8:$O$1039,O29,$AB$8:$AB$1039,AB29,$R$8:$R$1039,R29,$AA$8:$AA$1039,"<="&AA29) -> 0 | AK29: =C8 -> 50 | AL29: =C14 -> 0 | AM29: =MAX(0,AJ29-AK29) -> 0 | AN29: =IF(AM29=0,AH29,IF(AM29>=AH29,0,AH29-AM29)) -> 0 | AO29: =IF(AM29>=AH29,AI29,AI29*AM29/AH29) -> 0 | AP29: {=INDEX($AU$8:$BB$25,6*(R29-1)+MATCH(AB29,$AS$8:$AS$13,0),MATCH(O29,$AU$7:$BB$7,0))} -> TRUE
B30: E+ | O30: Q1’26 | P30: 1 | Q30: 8 | R30: 2 | T30: =(S29+S30+S31)=N2 -> FALSE | X30: =MAX(S27-S30,0) -> 0 | Y30: 0 | AA30: 1 | AB30: A | AC30: A+ | AD30: 18 | AE30: 16 | AF30: 0.78 | AG30: 0.84 | AH30: 0 | AI30: 0 | AJ30: =SUMIFS(AH$8:AH$1039,$O$8:$O$1039,O30,$AB$8:$AB$1039,AB30,$R$8:$R$1039,R30,$AA$8:$AA$1039,"<="&AA30) -> 0 | AK30: =D8 -> 35 | AL30: =D14 -> 0 | AM30: =MAX(0,AJ30-AK30) -> 0 | AN30: =IF(AM30=0,AH30,IF(AM30>=AH30,0,AH30-AM30)) -> 0 | AO30: =IF(AM30>=AH30,AI30,AI30*AM30/AH30) -> 0 | AP30: {=INDEX($AU$8:$BB$25,6*(R30-1)+MATCH(AB30,$AS$8:$AS$13,0),MATCH(O30,$AU$7:$BB$7,0))} -> TRUE
B31: F+ | F31: Fab 1 space | G31: Fab 2 space | H31: Fab 3 space | O31: Q1’26 | P31: 1 | Q31: 8 | R31: 3 | T31: =(S29+S30+S31)=N2 -> FALSE | X31: =MAX(S28-S31,0) -> 0 | Y31: 0 | AA31: 1 | AB31: A | AC31: A+ | AD31: 18 | AE31: 16 | AF31: 0.78 | AG31: 0.84 | AH31: 0 | AI31: 0 | AJ31: =SUMIFS(AH$8:AH$1039,$O$8:$O$1039,O31,$AB$8:$AB$1039,AB31,$R$8:$R$1039,R31,$AA$8:$AA$1039,"<="&AA31) -> 0 | AK31: =E8 -> 0 | AL31: =E14 -> 0 | AM31: =MAX(0,AJ31-AK31) -> 0 | AN31: =IF(AM31=0,AH31,IF(AM31>=AH31,0,AH31-AM31)) -> 0 | AO31: =IF(AM31>=AH31,AI31,AI31*AM31/AH31) -> 0 | AP31: {=INDEX($AU$8:$BB$25,6*(R31-1)+MATCH(AB31,$AS$8:$AS$13,0),MATCH(O31,$AU$7:$BB$7,0))} -> TRUE
A32: WS Component for Q3’26 | B32: A | F32: {=SUM(C32:C43*data!$B$3:$B$14)} -> 0 | G32: {=SUM(D32:D43*data!$B$3:$B$14)} -> 0 | H32: {=SUM(E32:E43*data!$B$3:$B$14)} -> 0 | I32: <- make sure its green | O32: Q1’26 | P32: 1 | Q32: 9 | R32: 1 | T32: =(S32+S33+S34)=N2 -> FALSE | X32: =MAX(S29-S32,0) -> 0 | Y32: 0 | AA32: 2 | AB32: A | AC32: A+ | AD32: 16 | AE32: 13 | AF32: 0.78 | AG32: 0.84 | AH32: 0 | AI32: 0 | AJ32: =SUMIFS(AH$8:AH$1039,$O$8:$O$1039,O32,$AB$8:$AB$1039,AB32,$R$8:$R$1039,R32,$AA$8:$AA$1039,"<="&AA32) -> 0 | AK32: =C8 -> 50 | AL32: =C14 -> 0 | AM32: =MAX(0,AJ32-AK32) -> 0 | AN32: =IF(AM32=0,AH32,IF(AM32>=AH32,0,AH32-AM32)) -> 0 | AO32: =IF(AM32>=AH32,AI32,AI32*AM32/AH32) -> 0 | AP32: {=INDEX($AU$8:$BB$25,6*(R32-1)+MATCH(AB32,$AS$8:$AS$13,0),MATCH(O32,$AU$7:$BB$7,0))} -> TRUE
B33: B | O33: Q1’26 | P33: 1 | Q33: 9 | R33: 2 | T33: =(S32+S33+S34)=N2 -> FALSE | X33: =MAX(S30-S33,0) -> 0 | Y33: 0 | AA33: 2 | AB33: A | AC33: A+ | AD33: 16 | AE33: 13 | AF33: 0.78 | AG33: 0.84 | AH33: 0 | AI33: 0 | AJ33: =SUMIFS(AH$8:AH$1039,$O$8:$O$1039,O33,$AB$8:$AB$1039,AB33,$R$8:$R$1039,R33,$AA$8:$AA$1039,"<="&AA33) -> 0 | AK33: =D8 -> 35 | AL33: =D14 -> 0 | AM33: =MAX(0,AJ33-AK33) -> 0 | AN33: =IF(AM33=0,AH33,IF(AM33>=AH33,0,AH33-AM33)) -> 0 | AO33: =IF(AM33>=AH33,AI33,AI33*AM33/AH33) -> 0 | AP33: {=INDEX($AU$8:$BB$25,6*(R33-1)+MATCH(AB33,$AS$8:$AS$13,0),MATCH(O33,$AU$7:$BB$7,0))} -> TRUE
B34: C | F34: New tool purchase cost | O34: Q1’26 | P34: 1 | Q34: 9 | R34: 3 | T34: =(S32+S33+S34)=N2 -> FALSE | X34: =MAX(S31-S34,0) -> 0 | Y34: 0 | AA34: 2 | AB34: A | AC34: A+ | AD34: 16 | AE34: 13 | AF34: 0.78 | AG34: 0.84 | AH34: 0 | AI34: 0 | AJ34: =SUMIFS(AH$8:AH$1039,$O$8:$O$1039,O34,$AB$8:$AB$1039,AB34,$R$8:$R$1039,R34,$AA$8:$AA$1039,"<="&AA34) -> 0 | AK34: =E8 -> 0 | AL34: =E14 -> 0 | AM34: =MAX(0,AJ34-AK34) -> 0 | AN34: =IF(AM34=0,AH34,IF(AM34>=AH34,0,AH34-AM34)) -> 0 | AO34: =IF(AM34>=AH34,AI34,AI34*AM34/AH34) -> 0 | AP34: {=INDEX($AU$8:$BB$25,6*(R34-1)+MATCH(AB34,$AS$8:$AS$13,0),MATCH(O34,$AU$7:$BB$7,0))} -> TRUE
B35: D | F35: {=SUM( _xlfn.BYROW( IF(C32:E43-C20:E31>0, C32:E43-C20:E31, 0), _xleta.SUM) *data!$C$3:$C$14 )} -> 0 | O35: Q1’26 | P35: 1 | Q35: 10 | R35: 1 | T35: =(S35+S36+S37)=N2 -> FALSE | X35: =MAX(S32-S35,0) -> 0 | Y35: 0 | AA35: 6 | AB35: D | AC35: D+ | AD35: 14 | AE35: 11 | AF35: 0.8 | AG35: 0.88 | AH35: 0 | AI35: 0 | AJ35: =SUMIFS(AH$8:AH$1039,$O$8:$O$1039,O35,$AB$8:$AB$1039,AB35,$R$8:$R$1039,R35,$AA$8:$AA$1039,"<="&AA35) -> 0 | AK35: =C11 -> 50 | AL35: =C17 -> 0 | AM35: =MAX(0,AJ35-AK35) -> 0 | AN35: =IF(AM35=0,AH35,IF(AM35>=AH35,0,AH35-AM35)) -> 0 | AO35: =IF(AM35>=AH35,AI35,AI35*AM35/AH35) -> 0 | AP35: {=INDEX($AU$8:$BB$25,6*(R35-1)+MATCH(AB35,$AS$8:$AS$13,0),MATCH(O35,$AU$7:$BB$7,0))} -> TRUE
B36: E | F36: Moveout cost | O36: Q1’26 | P36: 1 | Q36: 10 | R36: 2 | T36: =(S35+S36+S37)=N2 -> FALSE | X36: =MAX(S33-S36,0) -> 0 | Y36: 0 | AA36: 6 | AB36: D | AC36: D+ | AD36: 14 | AE36: 11 | AF36: 0.8 | AG36: 0.88 | AH36: 0 | AI36: 0 | AJ36: =SUMIFS(AH$8:AH$1039,$O$8:$O$1039,O36,$AB$8:$AB$1039,AB36,$R$8:$R$1039,R36,$AA$8:$AA$1039,"<="&AA36) -> 0 | AK36: =D11 -> 50 | AL36: =D17 -> 0 | AM36: =MAX(0,AJ36-AK36) -> 0 | AN36: =IF(AM36=0,AH36,IF(AM36>=AH36,0,AH36-AM36)) -> 0 | AO36: =IF(AM36>=AH36,AI36,AI36*AM36/AH36) -> 0 | AP36: {=INDEX($AU$8:$BB$25,6*(R36-1)+MATCH(AB36,$AS$8:$AS$13,0),MATCH(O36,$AU$7:$BB$7,0))} -> TRUE
B37: F | F37: {=SUM( _xlfn.BYROW( IF(C32:E43-C20:E31<0, C32:E43-C20:E31, 0), _xleta.SUM) * -1000000 )} -> 0 | O37: Q1’26 | P37: 1 | Q37: 10 | R37: 3 | T37: =(S35+S36+S37)=N2 -> FALSE | X37: =MAX(S34-S37,0) -> 0 | Y37: 0 | AA37: 6 | AB37: D | AC37: D+ | AD37: 14 | AE37: 11 | AF37: 0.8 | AG37: 0.88 | AH37: 0 | AI37: 0 | AJ37: =SUMIFS(AH$8:AH$1039,$O$8:$O$1039,O37,$AB$8:$AB$1039,AB37,$R$8:$R$1039,R37,$AA$8:$AA$1039,"<="&AA37) -> 0 | AK37: =E11 -> 35 | AL37: =E17 -> 0 | AM37: =MAX(0,AJ37-AK37) -> 0 | AN37: =IF(AM37=0,AH37,IF(AM37>=AH37,0,AH37-AM37)) -> 0 | AO37: =IF(AM37>=AH37,AI37,AI37*AM37/AH37) -> 0 | AP37: {=INDEX($AU$8:$BB$25,6*(R37-1)+MATCH(AB37,$AS$8:$AS$13,0),MATCH(O37,$AU$7:$BB$7,0))} -> TRUE
B38: A+ | O38: Q1’26 | P38: 1 | Q38: 11 | R38: 1 | T38: =(S38+S39+S40)=N2 -> FALSE | X38: =MAX(S35-S38,0) -> 0 | Y38: 0 | AA38: 3 | AB38: F | AC38: F+ | AD38: 18 | AE38: 16 | AF38: 0.8 | AG38: 0.9 | AH38: 0 | AI38: 0 | AJ38: =SUMIFS(AH$8:AH$1039,$O$8:$O$1039,O38,$AB$8:$AB$1039,AB38,$R$8:$R$1039,R38,$AA$8:$AA$1039,"<="&AA38) -> 0 | AK38: =C13 -> 90 | AL38: =C19 -> 0 | AM38: =MAX(0,AJ38-AK38) -> 0 | AN38: =IF(AM38=0,AH38,IF(AM38>=AH38,0,AH38-AM38)) -> 0 | AO38: =IF(AM38>=AH38,AI38,AI38*AM38/AH38) -> 0 | AP38: {=INDEX($AU$8:$BB$25,6*(R38-1)+MATCH(AB38,$AS$8:$AS$13,0),MATCH(O38,$AU$7:$BB$7,0))} -> TRUE
B39: B+ | O39: Q1’26 | P39: 1 | Q39: 11 | R39: 2 | T39: =(S38+S39+S40)=N2 -> FALSE | X39: =MAX(S36-S39,0) -> 0 | Y39: 0 | AA39: 3 | AB39: F | AC39: F+ | AD39: 18 | AE39: 16 | AF39: 0.8 | AG39: 0.9 | AH39: 0 | AI39: 0 | AJ39: =SUMIFS(AH$8:AH$1039,$O$8:$O$1039,O39,$AB$8:$AB$1039,AB39,$R$8:$R$1039,R39,$AA$8:$AA$1039,"<="&AA39) -> 0 | AK39: =D13 -> 60 | AL39: =D19 -> 0 | AM39: =MAX(0,AJ39-AK39) -> 0 | AN39: =IF(AM39=0,AH39,IF(AM39>=AH39,0,AH39-AM39)) -> 0 | AO39: =IF(AM39>=AH39,AI39,AI39*AM39/AH39) -> 0 | AP39: {=INDEX($AU$8:$BB$25,6*(R39-1)+MATCH(AB39,$AS$8:$AS$13,0),MATCH(O39,$AU$7:$BB$7,0))} -> TRUE
B40: C+ | O40: Q1’26 | P40: 1 | Q40: 11 | R40: 3 | T40: =(S38+S39+S40)=N2 -> FALSE | X40: =MAX(S37-S40,0) -> 0 | Y40: 0 | AA40: 3 | AB40: F | AC40: F+ | AD40: 18 | AE40: 16 | AF40: 0.8 | AG40: 0.9 | AH40: 0 | AI40: 0 | AJ40: =SUMIFS(AH$8:AH$1039,$O$8:$O$1039,O40,$AB$8:$AB$1039,AB40,$R$8:$R$1039,R40,$AA$8:$AA$1039,"<="&AA40) -> 0 | AK40: =E13 -> 36 | AL40: =E19 -> 0 | AM40: =MAX(0,AJ40-AK40) -> 0 | AN40: =IF(AM40=0,AH40,IF(AM40>=AH40,0,AH40-AM40)) -> 0 | AO40: =IF(AM40>=AH40,AI40,AI40*AM40/AH40) -> 0 | AP40: {=INDEX($AU$8:$BB$25,6*(R40-1)+MATCH(AB40,$AS$8:$AS$13,0),MATCH(O40,$AU$7:$BB$7,0))} -> TRUE
B41: D+ | O41: Q1’26 | P41: 2 | Q41: 1 | R41: 1 | T41: =(S41+S42+S43)=N3 -> FALSE | X41: 0 | Y41: 0 | AA41: 9 | AB41: F | AC41: F+ | AD41: 19 | AE41: 16 | AF41: 0.8 | AG41: 0.9 | AH41: 0 | AI41: 0 | AJ41: =SUMIFS(AH$8:AH$1039,$O$8:$O$1039,O41,$AB$8:$AB$1039,AB41,$R$8:$R$1039,R41,$AA$8:$AA$1039,"<="&AA41) -> 0 | AK41: =C13 -> 90 | AL41: =C19 -> 0 | AM41: =MAX(0,AJ41-AK41) -> 0 | AN41: =IF(AM41=0,AH41,IF(AM41>=AH41,0,AH41-AM41)) -> 0 | AO41: =IF(AM41>=AH41,AI41,AI41*AM41/AH41) -> 0 | AP41: {=INDEX($AU$8:$BB$25,6*(R41-1)+MATCH(AB41,$AS$8:$AS$13,0),MATCH(O41,$AU$7:$BB$7,0))} -> TRUE
B42: E+ | O42: Q1’26 | P42: 2 | Q42: 1 | R42: 2 | T42: =(S41+S42+S43)=N3 -> FALSE | X42: 0 | Y42: 0 | AA42: 9 | AB42: F | AC42: F+ | AD42: 19 | AE42: 16 | AF42: 0.8 | AG42: 0.9 | AH42: 0 | AI42: 0 | AJ42: =SUMIFS(AH$8:AH$1039,$O$8:$O$1039,O42,$AB$8:$AB$1039,AB42,$R$8:$R$1039,R42,$AA$8:$AA$1039,"<="&AA42) -> 0 | AK42: =D13 -> 60 | AL42: =D19 -> 0 | AM42: =MAX(0,AJ42-AK42) -> 0 | AN42: =IF(AM42=0,AH42,IF(AM42>=AH42,0,AH42-AM42)) -> 0 | AO42: =IF(AM42>=AH42,AI42,AI42*AM42/AH42) -> 0 | AP42: {=INDEX($AU$8:$BB$25,6*(R42-1)+MATCH(AB42,$AS$8:$AS$13,0),MATCH(O42,$AU$7:$BB$7,0))} -> TRUE
B43: F+ | F43: Fab 1 space | G43: Fab 2 space | H43: Fab 3 space | O43: Q1’26 | P43: 2 | Q43: 1 | R43: 3 | T43: =(S41+S42+S43)=N3 -> FALSE | X43: 0 | Y43: 0 | AA43: 9 | AB43: F | AC43: F+ | AD43: 19 | AE43: 16 | AF43: 0.8 | AG43: 0.9 | AH43: 0 | AI43: 0 | AJ43: =SUMIFS(AH$8:AH$1039,$O$8:$O$1039,O43,$AB$8:$AB$1039,AB43,$R$8:$R$1039,R43,$AA$8:$AA$1039,"<="&AA43) -> 0 | AK43: =E13 -> 36 | AL43: =E19 -> 0 | AM43: =MAX(0,AJ43-AK43) -> 0 | AN43: =IF(AM43=0,AH43,IF(AM43>=AH43,0,AH43-AM43)) -> 0 | AO43: =IF(AM43>=AH43,AI43,AI43*AM43/AH43) -> 0 | AP43: {=INDEX($AU$8:$BB$25,6*(R43-1)+MATCH(AB43,$AS$8:$AS$13,0),MATCH(O43,$AU$7:$BB$7,0))} -> TRUE
A44: WS Component for Q4’26 | B44: A | F44: {=SUM(C44:C55*data!$B$3:$B$14)} -> 0 | G44: {=SUM(D44:D55*data!$B$3:$B$14)} -> 0 | H44: {=SUM(E44:E55*data!$B$3:$B$14)} -> 0 | I44: <- make sure its green | O44: Q1’26 | P44: 2 | Q44: 2 | R44: 1 | T44: =(S44+S45+S46)=N3 -> FALSE | X44: =MAX(S41-S44,0) -> 0 | Y44: 0 | AA44: 1 | AB44: B | AC44: B+ | AD44: 20 | AE44: 18 | AF44: 0.76 | AG44: 0.81 | AH44: 0 | AI44: 0 | AJ44: =SUMIFS(AH$8:AH$1039,$O$8:$O$1039,O44,$AB$8:$AB$1039,AB44,$R$8:$R$1039,R44,$AA$8:$AA$1039,"<="&AA44) -> 0 | AK44: =C9 -> 25 | AL44: =C15 -> 0 | AM44: =MAX(0,AJ44-AK44) -> 0 | AN44: =IF(AM44=0,AH44,IF(AM44>=AH44,0,AH44-AM44)) -> 0 | AO44: =IF(AM44>=AH44,AI44,AI44*AM44/AH44) -> 0 | AP44: {=INDEX($AU$8:$BB$25,6*(R44-1)+MATCH(AB44,$AS$8:$AS$13,0),MATCH(O44,$AU$7:$BB$7,0))} -> TRUE
B45: B | O45: Q1’26 | P45: 2 | Q45: 2 | R45: 2 | T45: =(S44+S45+S46)=N3 -> FALSE | X45: =MAX(S42-S45,0) -> 0 | Y45: 0 | AA45: 1 | AB45: B | AC45: B+ | AD45: 20 | AE45: 18 | AF45: 0.76 | AG45: 0.81 | AH45: 0 | AI45: 0 | AJ45: =SUMIFS(AH$8:AH$1039,$O$8:$O$1039,O45,$AB$8:$AB$1039,AB45,$R$8:$R$1039,R45,$AA$8:$AA$1039,"<="&AA45) -> 0 | AK45: =D9 -> 30 | AL45: =D15 -> 0 | AM45: =MAX(0,AJ45-AK45) -> 0 | AN45: =IF(AM45=0,AH45,IF(AM45>=AH45,0,AH45-AM45)) -> 0 | AO45: =IF(AM45>=AH45,AI45,AI45*AM45/AH45) -> 0 | AP45: {=INDEX($AU$8:$BB$25,6*(R45-1)+MATCH(AB45,$AS$8:$AS$13,0),MATCH(O45,$AU$7:$BB$7,0))} -> TRUE
B46: C | F46: New tool purchase cost | O46: Q1’26 | P46: 2 | Q46: 2 | R46: 3 | T46: =(S44+S45+S46)=N3 -> FALSE | X46: =MAX(S43-S46,0) -> 0 | Y46: 0 | AA46: 1 | AB46: B | AC46: B+ | AD46: 20 | AE46: 18 | AF46: 0.76 | AG46: 0.81 | AH46: 0 | AI46: 0 | AJ46: =SUMIFS(AH$8:AH$1039,$O$8:$O$1039,O46,$AB$8:$AB$1039,AB46,$R$8:$R$1039,R46,$AA$8:$AA$1039,"<="&AA46) -> 0 | AK46: =E9 -> 0 | AL46: =E15 -> 0 | AM46: =MAX(0,AJ46-AK46) -> 0 | AN46: =IF(AM46=0,AH46,IF(AM46>=AH46,0,AH46-AM46)) -> 0 | AO46: =IF(AM46>=AH46,AI46,AI46*AM46/AH46) -> 0 | AP46: {=INDEX($AU$8:$BB$25,6*(R46-1)+MATCH(AB46,$AS$8:$AS$13,0),MATCH(O46,$AU$7:$BB$7,0))} -> TRUE
B47: D | F47: {=SUM( _xlfn.BYROW( IF(C44:E55-C32:E43>0, C44:E55-C32:E43, 0), _xleta.SUM) *data!$C$3:$C$14 )} -> 0 | O47: Q1’26 | P47: 2 | Q47: 3 | R47: 1 | T47: =(S47+S48+S49)=N3 -> FALSE | X47: =MAX(S44-S47,0) -> 0 | Y47: 0 | AA47: 11 | AB47: E | AC47: E+ | AD47: 10 | AE47: 7 | AF47: 0.76 | AG47: 0.84 | AH47: 0 | AI47: 0 | AJ47: =SUMIFS(AH$8:AH$1039,$O$8:$O$1039,O47,$AB$8:$AB$1039,AB47,$R$8:$R$1039,R47,$AA$8:$AA$1039,"<="&AA47) -> 0 | AK47: =C12 -> 40 | AL47: =C18 -> 0 | AM47: =MAX(0,AJ47-AK47) -> 0 | AN47: =IF(AM47=0,AH47,IF(AM47>=AH47,0,AH47-AM47)) -> 0 | AO47: =IF(AM47>=AH47,AI47,AI47*AM47/AH47) -> 0 | AP47: {=INDEX($AU$8:$BB$25,6*(R47-1)+MATCH(AB47,$AS$8:$AS$13,0),MATCH(O47,$AU$7:$BB$7,0))} -> TRUE
B48: E | F48: Moveout cost | O48: Q1’26 | P48: 2 | Q48: 3 | R48: 2 | T48: =(S47+S48+S49)=N3 -> FALSE | X48: =MAX(S45-S48,0) -> 0 | Y48: 0 | AA48: 11 | AB48: E | AC48: E+ | AD48: 10 | AE48: 7 | AF48: 0.76 | AG48: 0.84 | AH48: 0 | AI48: 0 | AJ48: =SUMIFS(AH$8:AH$1039,$O$8:$O$1039,O48,$AB$8:$AB$1039,AB48,$R$8:$R$1039,R48,$AA$8:$AA$1039,"<="&AA48) -> 0 | AK48: =D12 -> 30 | AL48: =D18 -> 0 | AM48: =MAX(0,AJ48-AK48) -> 0 | AN48: =IF(AM48=0,AH48,IF(AM48>=AH48,0,AH48-AM48)) -> 0 | AO48: =IF(AM48>=AH48,AI48,AI48*AM48/AH48) -> 0 | AP48: {=INDEX($AU$8:$BB$25,6*(R48-1)+MATCH(AB48,$AS$8:$AS$13,0),MATCH(O48,$AU$7:$BB$7,0))} -> TRUE
B49: F | F49: {=SUM( _xlfn.BYROW( IF(C44:E55-C32:E43<0, C44:E55-C32:E43, 0), _xleta.SUM) * -1000000 )} -> 0 | O49: Q1’26 | P49: 2 | Q49: 3 | R49: 3 | T49: =(S47+S48+S49)=N3 -> FALSE | X49: =MAX(S46-S49,0) -> 0 | Y49: 0 | AA49: 11 | AB49: E | AC49: E+ | AD49: 10 | AE49: 7 | AF49: 0.76 | AG49: 0.84 | AH49: 0 | AI49: 0 | AJ49: =SUMIFS(AH$8:AH$1039,$O$8:$O$1039,O49,$AB$8:$AB$1039,AB49,$R$8:$R$1039,R49,$AA$8:$AA$1039,"<="&AA49) -> 0 | AK49: =E12 -> 16 | AL49: =E18 -> 0 | AM49: =MAX(0,AJ49-AK49) -> 0 | AN49: =IF(AM49=0,AH49,IF(AM49>=AH49,0,AH49-AM49)) -> 0 | AO49: =IF(AM49>=AH49,AI49,AI49*AM49/AH49) -> 0 | AP49: {=INDEX($AU$8:$BB$25,6*(R49-1)+MATCH(AB49,$AS$8:$AS$13,0),MATCH(O49,$AU$7:$BB$7,0))} -> TRUE
B50: A+ | O50: Q1’26 | P50: 2 | Q50: 4 | R50: 1 | T50: =(S50+S51+S52)=N3 -> FALSE | X50: =MAX(S47-S50,0) -> 0 | Y50: 0 | AA50: 2 | AB50: B | AC50: B+ | AD50: 25 | AE50: 19 | AF50: 0.76 | AG50: 0.81 | AH50: 0 | AI50: 0 | AJ50: =SUMIFS(AH$8:AH$1039,$O$8:$O$1039,O50,$AB$8:$AB$1039,AB50,$R$8:$R$1039,R50,$AA$8:$AA$1039,"<="&AA50) -> 0 | AK50: =C9 -> 25 | AL50: =C15 -> 0 | AM50: =MAX(0,AJ50-AK50) -> 0 | AN50: =IF(AM50=0,AH50,IF(AM50>=AH50,0,AH50-AM50)) -> 0 | AO50: =IF(AM50>=AH50,AI50,AI50*AM50/AH50) -> 0 | AP50: {=INDEX($AU$8:$BB$25,6*(R50-1)+MATCH(AB50,$AS$8:$AS$13,0),MATCH(O50,$AU$7:$BB$7,0))} -> TRUE
B51: B+ | O51: Q1’26 | P51: 2 | Q51: 4 | R51: 2 | T51: =(S50+S51+S52)=N3 -> FALSE | X51: =MAX(S48-S51,0) -> 0 | Y51: 0 | AA51: 2 | AB51: B | AC51: B+ | AD51: 25 | AE51: 19 | AF51: 0.76 | AG51: 0.81 | AH51: 0 | AI51: 0 | AJ51: =SUMIFS(AH$8:AH$1039,$O$8:$O$1039,O51,$AB$8:$AB$1039,AB51,$R$8:$R$1039,R51,$AA$8:$AA$1039,"<="&AA51) -> 0 | AK51: =D9 -> 30 | AL51: =D15 -> 0 | AM51: =MAX(0,AJ51-AK51) -> 0 | AN51: =IF(AM51=0,AH51,IF(AM51>=AH51,0,AH51-AM51)) -> 0 | AO51: =IF(AM51>=AH51,AI51,AI51*AM51/AH51) -> 0 | AP51: {=INDEX($AU$8:$BB$25,6*(R51-1)+MATCH(AB51,$AS$8:$AS$13,0),MATCH(O51,$AU$7:$BB$7,0))} -> TRUE
B52: C+ | O52: Q1’26 | P52: 2 | Q52: 4 | R52: 3 | T52: =(S50+S51+S52)=N3 -> FALSE | X52: =MAX(S49-S52,0) -> 0 | Y52: 0 | AA52: 2 | AB52: B | AC52: B+ | AD52: 25 | AE52: 19 | AF52: 0.76 | AG52: 0.81 | AH52: 0 | AI52: 0 | AJ52: =SUMIFS(AH$8:AH$1039,$O$8:$O$1039,O52,$AB$8:$AB$1039,AB52,$R$8:$R$1039,R52,$AA$8:$AA$1039,"<="&AA52) -> 0 | AK52: =E9 -> 0 | AL52: =E15 -> 0 | AM52: =MAX(0,AJ52-AK52) -> 0 | AN52: =IF(AM52=0,AH52,IF(AM52>=AH52,0,AH52-AM52)) -> 0 | AO52: =IF(AM52>=AH52,AI52,AI52*AM52/AH52) -> 0 | AP52: {=INDEX($AU$8:$BB$25,6*(R52-1)+MATCH(AB52,$AS$8:$AS$13,0),MATCH(O52,$AU$7:$BB$7,0))} -> TRUE
B53: D+ | O53: Q1’26 | P53: 2 | Q53: 5 | R53: 1 | T53: =(S53+S54+S55)=N3 -> FALSE | X53: =MAX(S50-S53,0) -> 0 | Y53: 0 | AA53: 3 | AB53: B | AC53: B+ | AD53: 15 | AE53: 11 | AF53: 0.76 | AG53: 0.81 | AH53: 0 | AI53: 0 | AJ53: =SUMIFS(AH$8:AH$1039,$O$8:$O$1039,O53,$AB$8:$AB$1039,AB53,$R$8:$R$1039,R53,$AA$8:$AA$1039,"<="&AA53) -> 0 | AK53: =C9 -> 25 | AL53: =C15 -> 0 | AM53: =MAX(0,AJ53-AK53) -> 0 | AN53: =IF(AM53=0,AH53,IF(AM53>=AH53,0,AH53-AM53)) -> 0 | AO53: =IF(AM53>=AH53,AI53,AI53*AM53/AH53) -> 0 | AP53: {=INDEX($AU$8:$BB$25,6*(R53-1)+MATCH(AB53,$AS$8:$AS$13,0),MATCH(O53,$AU$7:$BB$7,0))} -> TRUE
B54: E+ | O54: Q1’26 | P54: 2 | Q54: 5 | R54: 2 | T54: =(S53+S54+S55)=N3 -> FALSE | X54: =MAX(S51-S54,0) -> 0 | Y54: 0 | AA54: 3 | AB54: B | AC54: B+ | AD54: 15 | AE54: 11 | AF54: 0.76 | AG54: 0.81 | AH54: 0 | AI54: 0 | AJ54: =SUMIFS(AH$8:AH$1039,$O$8:$O$1039,O54,$AB$8:$AB$1039,AB54,$R$8:$R$1039,R54,$AA$8:$AA$1039,"<="&AA54) -> 0 | AK54: =D9 -> 30 | AL54: =D15 -> 0 | AM54: =MAX(0,AJ54-AK54) -> 0 | AN54: =IF(AM54=0,AH54,IF(AM54>=AH54,0,AH54-AM54)) -> 0 | AO54: =IF(AM54>=AH54,AI54,AI54*AM54/AH54) -> 0 | AP54: {=INDEX($AU$8:$BB$25,6*(R54-1)+MATCH(AB54,$AS$8:$AS$13,0),MATCH(O54,$AU$7:$BB$7,0))} -> TRUE
B55: F+ | F55: Fab 1 space | G55: Fab 2 space | H55: Fab 3 space | O55: Q1’26 | P55: 2 | Q55: 5 | R55: 3 | T55: =(S53+S54+S55)=N3 -> FALSE | X55: =MAX(S52-S55,0) -> 0 | Y55: 0 | AA55: 3 | AB55: B | AC55: B+ | AD55: 15 | AE55: 11 | AF55: 0.76 | AG55: 0.81 | AH55: 0 | AI55: 0 | AJ55: =SUMIFS(AH$8:AH$1039,$O$8:$O$1039,O55,$AB$8:$AB$1039,AB55,$R$8:$R$1039,R55,$AA$8:$AA$1039,"<="&AA55) -> 0 | AK55: =E9 -> 0 | AL55: =E15 -> 0 | AM55: =MAX(0,AJ55-AK55) -> 0 | AN55: =IF(AM55=0,AH55,IF(AM55>=AH55,0,AH55-AM55)) -> 0 | AO55: =IF(AM55>=AH55,AI55,AI55*AM55/AH55) -> 0 | AP55: {=INDEX($AU$8:$BB$25,6*(R55-1)+MATCH(AB55,$AS$8:$AS$13,0),MATCH(O55,$AU$7:$BB$7,0))} -> TRUE
A56: WS Component for Q1’27 | B56: A | F56: {=SUM(C56:C67*data!$B$3:$B$14)} -> 0 | G56: {=SUM(D56:D67*data!$B$3:$B$14)} -> 0 | H56: {=SUM(E56:E67*data!$B$3:$B$14)} -> 0 | I56: <- make sure its green | O56: Q1’26 | P56: 2 | Q56: 6 | R56: 1 | T56: =(S56+S57+S58)=N3 -> FALSE | X56: =MAX(S53-S56,0) -> 0 | Y56: 0 | AA56: 5 | AB56: F | AC56: F+ | AD56: 16 | AE56: 14 | AF56: 0.8 | AG56: 0.9 | AH56: 0 | AI56: 0 | AJ56: =SUMIFS(AH$8:AH$1039,$O$8:$O$1039,O56,$AB$8:$AB$1039,AB56,$R$8:$R$1039,R56,$AA$8:$AA$1039,"<="&AA56) -> 0 | AK56: =C13 -> 90 | AL56: =C19 -> 0 | AM56: =MAX(0,AJ56-AK56) -> 0 | AN56: =IF(AM56=0,AH56,IF(AM56>=AH56,0,AH56-AM56)) -> 0 | AO56: =IF(AM56>=AH56,AI56,AI56*AM56/AH56) -> 0 | AP56: {=INDEX($AU$8:$BB$25,6*(R56-1)+MATCH(AB56,$AS$8:$AS$13,0),MATCH(O56,$AU$7:$BB$7,0))} -> TRUE
B57: B | O57: Q1’26 | P57: 2 | Q57: 6 | R57: 2 | T57: =(S56+S57+S58)=N3 -> FALSE | X57: =MAX(S54-S57,0) -> 0 | Y57: 0 | AA57: 5 | AB57: F | AC57: F+ | AD57: 16 | AE57: 14 | AF57: 0.8 | AG57: 0.9 | AH57: 0 | AI57: 0 | AJ57: =SUMIFS(AH$8:AH$1039,$O$8:$O$1039,O57,$AB$8:$AB$1039,AB57,$R$8:$R$1039,R57,$AA$8:$AA$1039,"<="&AA57) -> 0 | AK57: =D13 -> 60 | AL57: =D19 -> 0 | AM57: =MAX(0,AJ57-AK57) -> 0 | AN57: =IF(AM57=0,AH57,IF(AM57>=AH57,0,AH57-AM57)) -> 0 | AO57: =IF(AM57>=AH57,AI57,AI57*AM57/AH57) -> 0 | AP57: {=INDEX($AU$8:$BB$25,6*(R57-1)+MATCH(AB57,$AS$8:$AS$13,0),MATCH(O57,$AU$7:$BB$7,0))} -> TRUE
B58: C | F58: New tool purchase cost | O58: Q1’26 | P58: 2 | Q58: 6 | R58: 3 | T58: =(S56+S57+S58)=N3 -> FALSE | X58: =MAX(S55-S58,0) -> 0 | Y58: 0 | AA58: 5 | AB58: F | AC58: F+ | AD58: 16 | AE58: 14 | AF58: 0.8 | AG58: 0.9 | AH58: 0 | AI58: 0 | AJ58: =SUMIFS(AH$8:AH$1039,$O$8:$O$1039,O58,$AB$8:$AB$1039,AB58,$R$8:$R$1039,R58,$AA$8:$AA$1039,"<="&AA58) -> 0 | AK58: =E13 -> 36 | AL58: =E19 -> 0 | AM58: =MAX(0,AJ58-AK58) -> 0 | AN58: =IF(AM58=0,AH58,IF(AM58>=AH58,0,AH58-AM58)) -> 0 | AO58: =IF(AM58>=AH58,AI58,AI58*AM58/AH58) -> 0 | AP58: {=INDEX($AU$8:$BB$25,6*(R58-1)+MATCH(AB58,$AS$8:$AS$13,0),MATCH(O58,$AU$7:$BB$7,0))} -> TRUE
B59: D | F59: {=SUM( _xlfn.BYROW( IF(C56:E67-C44:E55>0, C56:E67-C44:E55, 0), _xleta.SUM) *data!$C$3:$C$14 )} -> 0 | O59: Q1’26 | P59: 2 | Q59: 7 | R59: 1 | T59: =(S59+S60+S61)=N3 -> FALSE | X59: =MAX(S56-S59,0) -> 0 | Y59: 0 | AA59: 4 | AB59: F | AC59: F+ | AD59: 17 | AE59: 15 | AF59: 0.8 | AG59: 0.9 | AH59: 0 | AI59: 0 | AJ59: =SUMIFS(AH$8:AH$1039,$O$8:$O$1039,O59,$AB$8:$AB$1039,AB59,$R$8:$R$1039,R59,$AA$8:$AA$1039,"<="&AA59) -> 0 | AK59: =C13 -> 90 | AL59: =C19 -> 0 | AM59: =MAX(0,AJ59-AK59) -> 0 | AN59: =IF(AM59=0,AH59,IF(AM59>=AH59,0,AH59-AM59)) -> 0 | AO59: =IF(AM59>=AH59,AI59,AI59*AM59/AH59) -> 0 | AP59: {=INDEX($AU$8:$BB$25,6*(R59-1)+MATCH(AB59,$AS$8:$AS$13,0),MATCH(O59,$AU$7:$BB$7,0))} -> TRUE
B60: E | F60: Moveout cost | O60: Q1’26 | P60: 2 | Q60: 7 | R60: 2 | T60: =(S59+S60+S61)=N3 -> FALSE | X60: =MAX(S57-S60,0) -> 0 | Y60: 0 | AA60: 4 | AB60: F | AC60: F+ | AD60: 17 | AE60: 15 | AF60: 0.8 | AG60: 0.9 | AH60: 0 | AI60: 0 | AJ60: =SUMIFS(AH$8:AH$1039,$O$8:$O$1039,O60,$AB$8:$AB$1039,AB60,$R$8:$R$1039,R60,$AA$8:$AA$1039,"<="&AA60) -> 0 | AK60: =D13 -> 60 | AL60: =D19 -> 0 | AM60: =MAX(0,AJ60-AK60) -> 0 | AN60: =IF(AM60=0,AH60,IF(AM60>=AH60,0,AH60-AM60)) -> 0 | AO60: =IF(AM60>=AH60,AI60,AI60*AM60/AH60) -> 0 | AP60: {=INDEX($AU$8:$BB$25,6*(R60-1)+MATCH(AB60,$AS$8:$AS$13,0),MATCH(O60,$AU$7:$BB$7,0))} -> TRUE
B61: F | F61: {=SUM( _xlfn.BYROW( IF(C56:E67-C44:E55<0, C56:E67-C44:E55, 0), _xleta.SUM) * -1000000 )} -> 0 | O61: Q1’26 | P61: 2 | Q61: 7 | R61: 3 | T61: =(S59+S60+S61)=N3 -> FALSE | X61: =MAX(S58-S61,0) -> 0 | Y61: 0 | AA61: 4 | AB61: F | AC61: F+ | AD61: 17 | AE61: 15 | AF61: 0.8 | AG61: 0.9 | AH61: 0 | AI61: 0 | AJ61: =SUMIFS(AH$8:AH$1039,$O$8:$O$1039,O61,$AB$8:$AB$1039,AB61,$R$8:$R$1039,R61,$AA$8:$AA$1039,"<="&AA61) -> 0 | AK61: =E13 -> 36 | AL61: =E19 -> 0 | AM61: =MAX(0,AJ61-AK61) -> 0 | AN61: =IF(AM61=0,AH61,IF(AM61>=AH61,0,AH61-AM61)) -> 0 | AO61: =IF(AM61>=AH61,AI61,AI61*AM61/AH61) -> 0 | AP61: {=INDEX($AU$8:$BB$25,6*(R61-1)+MATCH(AB61,$AS$8:$AS$13,0),MATCH(O61,$AU$7:$BB$7,0))} -> TRUE
B62: A+ | O62: Q1’26 | P62: 2 | Q62: 8 | R62: 1 | T62: =(S62+S63+S64)=N3 -> FALSE | X62: =MAX(S59-S62,0) -> 0 | Y62: 0 | AA62: 4 | AB62: B | AC62: B+ | AD62: 22 | AE62: 16 | AF62: 0.76 | AG62: 0.81 | AH62: 0 | AI62: 0 | AJ62: =SUMIFS(AH$8:AH$1039,$O$8:$O$1039,O62,$AB$8:$AB$1039,AB62,$R$8:$R$1039,R62,$AA$8:$AA$1039,"<="&AA62) -> 0 | AK62: =C9 -> 25 | AL62: =C15 -> 0 | AM62: =MAX(0,AJ62-AK62) -> 0 | AN62: =IF(AM62=0,AH62,IF(AM62>=AH62,0,AH62-AM62)) -> 0 | AO62: =IF(AM62>=AH62,AI62,AI62*AM62/AH62) -> 0 | AP62: {=INDEX($AU$8:$BB$25,6*(R62-1)+MATCH(AB62,$AS$8:$AS$13,0),MATCH(O62,$AU$7:$BB$7,0))} -> TRUE
B63: B+ | O63: Q1’26 | P63: 2 | Q63: 8 | R63: 2 | T63: =(S62+S63+S64)=N3 -> FALSE | X63: =MAX(S60-S63,0) -> 0 | Y63: 0 | AA63: 4 | AB63: B | AC63: B+ | AD63: 22 | AE63: 16 | AF63: 0.76 | AG63: 0.81 | AH63: 0 | AI63: 0 | AJ63: =SUMIFS(AH$8:AH$1039,$O$8:$O$1039,O63,$AB$8:$AB$1039,AB63,$R$8:$R$1039,R63,$AA$8:$AA$1039,"<="&AA63) -> 0 | AK63: =D9 -> 30 | AL63: =D15 -> 0 | AM63: =MAX(0,AJ63-AK63) -> 0 | AN63: =IF(AM63=0,AH63,IF(AM63>=AH63,0,AH63-AM63)) -> 0 | AO63: =IF(AM63>=AH63,AI63,AI63*AM63/AH63) -> 0 | AP63: {=INDEX($AU$8:$BB$25,6*(R63-1)+MATCH(AB63,$AS$8:$AS$13,0),MATCH(O63,$AU$7:$BB$7,0))} -> TRUE
B64: C+ | O64: Q1’26 | P64: 2 | Q64: 8 | R64: 3 | T64: =(S62+S63+S64)=N3 -> FALSE | X64: =MAX(S61-S64,0) -> 0 | Y64: 0 | AA64: 4 | AB64: B | AC64: B+ | AD64: 22 | AE64: 16 | AF64: 0.76 | AG64: 0.81 | AH64: 0 | AI64: 0 | AJ64: =SUMIFS(AH$8:AH$1039,$O$8:$O$1039,O64,$AB$8:$AB$1039,AB64,$R$8:$R$1039,R64,$AA$8:$AA$1039,"<="&AA64) -> 0 | AK64: =E9 -> 0 | AL64: =E15 -> 0 | AM64: =MAX(0,AJ64-AK64) -> 0 | AN64: =IF(AM64=0,AH64,IF(AM64>=AH64,0,AH64-AM64)) -> 0 | AO64: =IF(AM64>=AH64,AI64,AI64*AM64/AH64) -> 0 | AP64: {=INDEX($AU$8:$BB$25,6*(R64-1)+MATCH(AB64,$AS$8:$AS$13,0),MATCH(O64,$AU$7:$BB$7,0))} -> TRUE
B65: D+ | O65: Q1’26 | P65: 2 | Q65: 9 | R65: 1 | T65: =(S65+S66+S67)=N3 -> FALSE | X65: =MAX(S62-S65,0) -> 0 | Y65: 0 | AA65: 4 | AB65: E | AC65: E+ | AD65: 7 | AE65: 6 | AF65: 0.76 | AG65: 0.84 | AH65: 0 | AI65: 0 | AJ65: =SUMIFS(AH$8:AH$1039,$O$8:$O$1039,O65,$AB$8:$AB$1039,AB65,$R$8:$R$1039,R65,$AA$8:$AA$1039,"<="&AA65) -> 0 | AK65: =C12 -> 40 | AL65: =C18 -> 0 | AM65: =MAX(0,AJ65-AK65) -> 0 | AN65: =IF(AM65=0,AH65,IF(AM65>=AH65,0,AH65-AM65)) -> 0 | AO65: =IF(AM65>=AH65,AI65,AI65*AM65/AH65) -> 0 | AP65: {=INDEX($AU$8:$BB$25,6*(R65-1)+MATCH(AB65,$AS$8:$AS$13,0),MATCH(O65,$AU$7:$BB$7,0))} -> TRUE
B66: E+ | O66: Q1’26 | P66: 2 | Q66: 9 | R66: 2 | T66: =(S65+S66+S67)=N3 -> FALSE | X66: =MAX(S63-S66,0) -> 0 | Y66: 0 | AA66: 4 | AB66: E | AC66: E+ | AD66: 7 | AE66: 6 | AF66: 0.76 | AG66: 0.84 | AH66: 0 | AI66: 0 | AJ66: =SUMIFS(AH$8:AH$1039,$O$8:$O$1039,O66,$AB$8:$AB$1039,AB66,$R$8:$R$1039,R66,$AA$8:$AA$1039,"<="&AA66) -> 0 | AK66: =D12 -> 30 | AL66: =D18 -> 0 | AM66: =MAX(0,AJ66-AK66) -> 0 | AN66: =IF(AM66=0,AH66,IF(AM66>=AH66,0,AH66-AM66)) -> 0 | AO66: =IF(AM66>=AH66,AI66,AI66*AM66/AH66) -> 0 | AP66: {=INDEX($AU$8:$BB$25,6*(R66-1)+MATCH(AB66,$AS$8:$AS$13,0),MATCH(O66,$AU$7:$BB$7,0))} -> TRUE
B67: F+ | F67: Fab 1 space | G67: Fab 2 space | H67: Fab 3 space | O67: Q1’26 | P67: 2 | Q67: 9 | R67: 3 | T67: =(S65+S66+S67)=N3 -> FALSE | X67: =MAX(S64-S67,0) -> 0 | Y67: 0 | AA67: 4 | AB67: E | AC67: E+ | AD67: 7 | AE67: 6 | AF67: 0.76 | AG67: 0.84 | AH67: 0 | AI67: 0 | AJ67: =SUMIFS(AH$8:AH$1039,$O$8:$O$1039,O67,$AB$8:$AB$1039,AB67,$R$8:$R$1039,R67,$AA$8:$AA$1039,"<="&AA67) -> 0 | AK67: =E12 -> 16 | AL67: =E18 -> 0 | AM67: =MAX(0,AJ67-AK67) -> 0 | AN67: =IF(AM67=0,AH67,IF(AM67>=AH67,0,AH67-AM67)) -> 0 | AO67: =IF(AM67>=AH67,AI67,AI67*AM67/AH67) -> 0 | AP67: {=INDEX($AU$8:$BB$25,6*(R67-1)+MATCH(AB67,$AS$8:$AS$13,0),MATCH(O67,$AU$7:$BB$7,0))} -> TRUE
A68: WS Component for Q2’27 | B68: A | F68: {=SUM(C68:C79*data!$B$3:$B$14)} -> 0 | G68: {=SUM(D68:D79*data!$B$3:$B$14)} -> 0 | H68: {=SUM(E68:E79*data!$B$3:$B$14)} -> 0 | I68: <- make sure its green | O68: Q1’26 | P68: 2 | Q68: 10 | R68: 1 | T68: =(S68+S69+S70)=N3 -> FALSE | X68: =MAX(S65-S68,0) -> 0 | Y68: 0 | AA68: 6 | AB68: E | AC68: E+ | AD68: 9 | AE68: 7 | AF68: 0.76 | AG68: 0.84 | AH68: 0 | AI68: 0 | AJ68: =SUMIFS(AH$8:AH$1039,$O$8:$O$1039,O68,$AB$8:$AB$1039,AB68,$R$8:$R$1039,R68,$AA$8:$AA$1039,"<="&AA68) -> 0 | AK68: =C12 -> 40 | AL68: =C18 -> 0 | AM68: =MAX(0,AJ68-AK68) -> 0 | AN68: =IF(AM68=0,AH68,IF(AM68>=AH68,0,AH68-AM68)) -> 0 | AO68: =IF(AM68>=AH68,AI68,AI68*AM68/AH68) -> 0 | AP68: {=INDEX($AU$8:$BB$25,6*(R68-1)+MATCH(AB68,$AS$8:$AS$13,0),MATCH(O68,$AU$7:$BB$7,0))} -> TRUE
B69: B | O69: Q1’26 | P69: 2 | Q69: 10 | R69: 2 | T69: =(S68+S69+S70)=N3 -> FALSE | X69: =MAX(S66-S69,0) -> 0 | Y69: 0 | AA69: 6 | AB69: E | AC69: E+ | AD69: 9 | AE69: 7 | AF69: 0.76 | AG69: 0.84 | AH69: 0 | AI69: 0 | AJ69: =SUMIFS(AH$8:AH$1039,$O$8:$O$1039,O69,$AB$8:$AB$1039,AB69,$R$8:$R$1039,R69,$AA$8:$AA$1039,"<="&AA69) -> 0 | AK69: =D12 -> 30 | AL69: =D18 -> 0 | AM69: =MAX(0,AJ69-AK69) -> 0 | AN69: =IF(AM69=0,AH69,IF(AM69>=AH69,0,AH69-AM69)) -> 0 | AO69: =IF(AM69>=AH69,AI69,AI69*AM69/AH69) -> 0 | AP69: {=INDEX($AU$8:$BB$25,6*(R69-1)+MATCH(AB69,$AS$8:$AS$13,0),MATCH(O69,$AU$7:$BB$7,0))} -> TRUE
B70: C | F70: New tool purchase cost | O70: Q1’26 | P70: 2 | Q70: 10 | R70: 3 | T70: =(S68+S69+S70)=N3 -> FALSE | X70: =MAX(S67-S70,0) -> 0 | Y70: 0 | AA70: 6 | AB70: E | AC70: E+ | AD70: 9 | AE70: 7 | AF70: 0.76 | AG70: 0.84 | AH70: 0 | AI70: 0 | AJ70: =SUMIFS(AH$8:AH$1039,$O$8:$O$1039,O70,$AB$8:$AB$1039,AB70,$R$8:$R$1039,R70,$AA$8:$AA$1039,"<="&AA70) -> 0 | AK70: =E12 -> 16 | AL70: =E18 -> 0 | AM70: =MAX(0,AJ70-AK70) -> 0 | AN70: =IF(AM70=0,AH70,IF(AM70>=AH70,0,AH70-AM70)) -> 0 | AO70: =IF(AM70>=AH70,AI70,AI70*AM70/AH70) -> 0 | AP70: {=INDEX($AU$8:$BB$25,6*(R70-1)+MATCH(AB70,$AS$8:$AS$13,0),MATCH(O70,$AU$7:$BB$7,0))} -> TRUE
B71: D | F71: {=SUM( _xlfn.BYROW( IF(C68:E79-C56:E67>0, C68:E79-C56:E67, 0), _xleta.SUM) *data!$C$3:$C$14 )} -> 0 | O71: Q1’26 | P71: 2 | Q71: 11 | R71: 1 | T71: =(S71+S72+S73)=N3 -> FALSE | X71: =MAX(S68-S71,0) -> 0 | Y71: 0 | AA71: 2 | AB71: E | AC71: E+ | AD71: 20 | AE71: 19 | AF71: 0.76 | AG71: 0.84 | AH71: 0 | AI71: 0 | AJ71: =SUMIFS(AH$8:AH$1039,$O$8:$O$1039,O71,$AB$8:$AB$1039,AB71,$R$8:$R$1039,R71,$AA$8:$AA$1039,"<="&AA71) -> 0 | AK71: =C12 -> 40 | AL71: =C18 -> 0 | AM71: =MAX(0,AJ71-AK71) -> 0 | AN71: =IF(AM71=0,AH71,IF(AM71>=AH71,0,AH71-AM71)) -> 0 | AO71: =IF(AM71>=AH71,AI71,AI71*AM71/AH71) -> 0 | AP71: {=INDEX($AU$8:$BB$25,6*(R71-1)+MATCH(AB71,$AS$8:$AS$13,0),MATCH(O71,$AU$7:$BB$7,0))} -> TRUE
B72: E | F72: Moveout cost | O72: Q1’26 | P72: 2 | Q72: 11 | R72: 2 | T72: =(S71+S72+S73)=N3 -> FALSE | X72: =MAX(S69-S72,0) -> 0 | Y72: 0 | AA72: 2 | AB72: E | AC72: E+ | AD72: 20 | AE72: 19 | AF72: 0.76 | AG72: 0.84 | AH72: 0 | AI72: 0 | AJ72: =SUMIFS(AH$8:AH$1039,$O$8:$O$1039,O72,$AB$8:$AB$1039,AB72,$R$8:$R$1039,R72,$AA$8:$AA$1039,"<="&AA72) -> 0 | AK72: =D12 -> 30 | AL72: =D18 -> 0 | AM72: =MAX(0,AJ72-AK72) -> 0 | AN72: =IF(AM72=0,AH72,IF(AM72>=AH72,0,AH72-AM72)) -> 0 | AO72: =IF(AM72>=AH72,AI72,AI72*AM72/AH72) -> 0 | AP72: {=INDEX($AU$8:$BB$25,6*(R72-1)+MATCH(AB72,$AS$8:$AS$13,0),MATCH(O72,$AU$7:$BB$7,0))} -> TRUE
B73: F | F73: {=SUM( _xlfn.BYROW( IF(C68:E79-C56:E67<0, C68:E79-C56:E67, 0), _xleta.SUM) * -1000000 )} -> 0 | O73: Q1’26 | P73: 2 | Q73: 11 | R73: 3 | T73: =(S71+S72+S73)=N3 -> FALSE | X73: =MAX(S70-S73,0) -> 0 | Y73: 0 | AA73: 2 | AB73: E | AC73: E+ | AD73: 20 | AE73: 19 | AF73: 0.76 | AG73: 0.84 | AH73: 0 | AI73: 0 | AJ73: =SUMIFS(AH$8:AH$1039,$O$8:$O$1039,O73,$AB$8:$AB$1039,AB73,$R$8:$R$1039,R73,$AA$8:$AA$1039,"<="&AA73) -> 0 | AK73: =E12 -> 16 | AL73: =E18 -> 0 | AM73: =MAX(0,AJ73-AK73) -> 0 | AN73: =IF(AM73=0,AH73,IF(AM73>=AH73,0,AH73-AM73)) -> 0 | AO73: =IF(AM73>=AH73,AI73,AI73*AM73/AH73) -> 0 | AP73: {=INDEX($AU$8:$BB$25,6*(R73-1)+MATCH(AB73,$AS$8:$AS$13,0),MATCH(O73,$AU$7:$BB$7,0))} -> TRUE
B74: A+ | O74: Q1’26 | P74: 2 | Q74: 12 | R74: 1 | T74: =(S74+S75+S76)=N3 -> FALSE | X74: =MAX(S71-S74,0) -> 0 | Y74: 0 | AA74: 7 | AB74: F | AC74: F+ | AD74: 21 | AE74: 18 | AF74: 0.8 | AG74: 0.9 | AH74: 0 | AI74: 0 | AJ74: =SUMIFS(AH$8:AH$1039,$O$8:$O$1039,O74,$AB$8:$AB$1039,AB74,$R$8:$R$1039,R74,$AA$8:$AA$1039,"<="&AA74) -> 0 | AK74: =C13 -> 90 | AL74: =C19 -> 0 | AM74: =MAX(0,AJ74-AK74) -> 0 | AN74: =IF(AM74=0,AH74,IF(AM74>=AH74,0,AH74-AM74)) -> 0 | AO74: =IF(AM74>=AH74,AI74,AI74*AM74/AH74) -> 0 | AP74: {=INDEX($AU$8:$BB$25,6*(R74-1)+MATCH(AB74,$AS$8:$AS$13,0),MATCH(O74,$AU$7:$BB$7,0))} -> TRUE
B75: B+ | O75: Q1’26 | P75: 2 | Q75: 12 | R75: 2 | T75: =(S74+S75+S76)=N3 -> FALSE | X75: =MAX(S72-S75,0) -> 0 | Y75: 0 | AA75: 7 | AB75: F | AC75: F+ | AD75: 21 | AE75: 18 | AF75: 0.8 | AG75: 0.9 | AH75: 0 | AI75: 0 | AJ75: =SUMIFS(AH$8:AH$1039,$O$8:$O$1039,O75,$AB$8:$AB$1039,AB75,$R$8:$R$1039,R75,$AA$8:$AA$1039,"<="&AA75) -> 0 | AK75: =D13 -> 60 | AL75: =D19 -> 0 | AM75: =MAX(0,AJ75-AK75) -> 0 | AN75: =IF(AM75=0,AH75,IF(AM75>=AH75,0,AH75-AM75)) -> 0 | AO75: =IF(AM75>=AH75,AI75,AI75*AM75/AH75) -> 0 | AP75: {=INDEX($AU$8:$BB$25,6*(R75-1)+MATCH(AB75,$AS$8:$AS$13,0),MATCH(O75,$AU$7:$BB$7,0))} -> TRUE
B76: C+ | O76: Q1’26 | P76: 2 | Q76: 12 | R76: 3 | T76: =(S74+S75+S76)=N3 -> FALSE | X76: =MAX(S73-S76,0) -> 0 | Y76: 0 | AA76: 7 | AB76: F | AC76: F+ | AD76: 21 | AE76: 18 | AF76: 0.8 | AG76: 0.9 | AH76: 0 | AI76: 0 | AJ76: =SUMIFS(AH$8:AH$1039,$O$8:$O$1039,O76,$AB$8:$AB$1039,AB76,$R$8:$R$1039,R76,$AA$8:$AA$1039,"<="&AA76) -> 0 | AK76: =E13 -> 36 | AL76: =E19 -> 0 | AM76: =MAX(0,AJ76-AK76) -> 0 | AN76: =IF(AM76=0,AH76,IF(AM76>=AH76,0,AH76-AM76)) -> 0 | AO76: =IF(AM76>=AH76,AI76,AI76*AM76/AH76) -> 0 | AP76: {=INDEX($AU$8:$BB$25,6*(R76-1)+MATCH(AB76,$AS$8:$AS$13,0),MATCH(O76,$AU$7:$BB$7,0))} -> TRUE
B77: D+ | O77: Q1’26 | P77: 2 | Q77: 13 | R77: 1 | T77: =(S77+S78+S79)=N3 -> FALSE | X77: =MAX(S74-S77,0) -> 0 | Y77: 0 | AA77: 8 | AB77: E | AC77: E+ | AD77: 12 | AE77: 9 | AF77: 0.76 | AG77: 0.84 | AH77: 0 | AI77: 0 | AJ77: =SUMIFS(AH$8:AH$1039,$O$8:$O$1039,O77,$AB$8:$AB$1039,AB77,$R$8:$R$1039,R77,$AA$8:$AA$1039,"<="&AA77) -> 0 | AK77: =C12 -> 40 | AL77: =C18 -> 0 | AM77: =MAX(0,AJ77-AK77) -> 0 | AN77: =IF(AM77=0,AH77,IF(AM77>=AH77,0,AH77-AM77)) -> 0 | AO77: =IF(AM77>=AH77,AI77,AI77*AM77/AH77) -> 0 | AP77: {=INDEX($AU$8:$BB$25,6*(R77-1)+MATCH(AB77,$AS$8:$AS$13,0),MATCH(O77,$AU$7:$BB$7,0))} -> TRUE
B78: E+ | O78: Q1’26 | P78: 2 | Q78: 13 | R78: 2 | T78: =(S77+S78+S79)=N3 -> FALSE | X78: =MAX(S75-S78,0) -> 0 | Y78: 0 | AA78: 8 | AB78: E | AC78: E+ | AD78: 12 | AE78: 9 | AF78: 0.76 | AG78: 0.84 | AH78: 0 | AI78: 0 | AJ78: =SUMIFS(AH$8:AH$1039,$O$8:$O$1039,O78,$AB$8:$AB$1039,AB78,$R$8:$R$1039,R78,$AA$8:$AA$1039,"<="&AA78) -> 0 | AK78: =D12 -> 30 | AL78: =D18 -> 0 | AM78: =MAX(0,AJ78-AK78) -> 0 | AN78: =IF(AM78=0,AH78,IF(AM78>=AH78,0,AH78-AM78)) -> 0 | AO78: =IF(AM78>=AH78,AI78,AI78*AM78/AH78) -> 0 | AP78: {=INDEX($AU$8:$BB$25,6*(R78-1)+MATCH(AB78,$AS$8:$AS$13,0),MATCH(O78,$AU$7:$BB$7,0))} -> TRUE
B79: F+ | F79: Fab 1 space | G79: Fab 2 space | H79: Fab 3 space | O79: Q1’26 | P79: 2 | Q79: 13 | R79: 3 | T79: =(S77+S78+S79)=N3 -> FALSE | X79: =MAX(S76-S79,0) -> 0 | Y79: 0 | AA79: 8 | AB79: E | AC79: E+ | AD79: 12 | AE79: 9 | AF79: 0.76 | AG79: 0.84 | AH79: 0 | AI79: 0 | AJ79: =SUMIFS(AH$8:AH$1039,$O$8:$O$1039,O79,$AB$8:$AB$1039,AB79,$R$8:$R$1039,R79,$AA$8:$AA$1039,"<="&AA79) -> 0 | AK79: =E12 -> 16 | AL79: =E18 -> 0 | AM79: =MAX(0,AJ79-AK79) -> 0 | AN79: =IF(AM79=0,AH79,IF(AM79>=AH79,0,AH79-AM79)) -> 0 | AO79: =IF(AM79>=AH79,AI79,AI79*AM79/AH79) -> 0 | AP79: {=INDEX($AU$8:$BB$25,6*(R79-1)+MATCH(AB79,$AS$8:$AS$13,0),MATCH(O79,$AU$7:$BB$7,0))} -> TRUE
A80: WS Component for Q3’27 | B80: A | F80: {=SUM(C80:C91*data!$B$3:$B$14)} -> 0 | G80: {=SUM(D80:D91*data!$B$3:$B$14)} -> 0 | H80: {=SUM(E80:E91*data!$B$3:$B$14)} -> 0 | I80: <- make sure its green | O80: Q1’26 | P80: 2 | Q80: 14 | R80: 1 | T80: =(S80+S81+S82)=N3 -> FALSE | X80: =MAX(S77-S80,0) -> 0 | Y80: 0 | AA80: 5 | AB80: E | AC80: E+ | AD80: 15 | AE80: 12 | AF80: 0.76 | AG80: 0.84 | AH80: 0 | AI80: 0 | AJ80: =SUMIFS(AH$8:AH$1039,$O$8:$O$1039,O80,$AB$8:$AB$1039,AB80,$R$8:$R$1039,R80,$AA$8:$AA$1039,"<="&AA80) -> 0 | AK80: =C12 -> 40 | AL80: =C18 -> 0 | AM80: =MAX(0,AJ80-AK80) -> 0 | AN80: =IF(AM80=0,AH80,IF(AM80>=AH80,0,AH80-AM80)) -> 0 | AO80: =IF(AM80>=AH80,AI80,AI80*AM80/AH80) -> 0 | AP80: {=INDEX($AU$8:$BB$25,6*(R80-1)+MATCH(AB80,$AS$8:$AS$13,0),MATCH(O80,$AU$7:$BB$7,0))} -> TRUE
B81: B | O81: Q1’26 | P81: 2 | Q81: 14 | R81: 2 | T81: =(S80+S81+S82)=N3 -> FALSE | X81: =MAX(S78-S81,0) -> 0 | Y81: 0 | AA81: 5 | AB81: E | AC81: E+ | AD81: 15 | AE81: 12 | AF81: 0.76 | AG81: 0.84 | AH81: 0 | AI81: 0 | AJ81: =SUMIFS(AH$8:AH$1039,$O$8:$O$1039,O81,$AB$8:$AB$1039,AB81,$R$8:$R$1039,R81,$AA$8:$AA$1039,"<="&AA81) -> 0 | AK81: =D12 -> 30 | AL81: =D18 -> 0 | AM81: =MAX(0,AJ81-AK81) -> 0 | AN81: =IF(AM81=0,AH81,IF(AM81>=AH81,0,AH81-AM81)) -> 0 | AO81: =IF(AM81>=AH81,AI81,AI81*AM81/AH81) -> 0 | AP81: {=INDEX($AU$8:$BB$25,6*(R81-1)+MATCH(AB81,$AS$8:$AS$13,0),MATCH(O81,$AU$7:$BB$7,0))} -> TRUE
B82: C | F82: New tool purchase cost | O82: Q1’26 | P82: 2 | Q82: 14 | R82: 3 | T82: =(S80+S81+S82)=N3 -> FALSE | X82: =MAX(S79-S82,0) -> 0 | Y82: 0 | AA82: 5 | AB82: E | AC82: E+ | AD82: 15 | AE82: 12 | AF82: 0.76 | AG82: 0.84 | AH82: 0 | AI82: 0 | AJ82: =SUMIFS(AH$8:AH$1039,$O$8:$O$1039,O82,$AB$8:$AB$1039,AB82,$R$8:$R$1039,R82,$AA$8:$AA$1039,"<="&AA82) -> 0 | AK82: =E12 -> 16 | AL82: =E18 -> 0 | AM82: =MAX(0,AJ82-AK82) -> 0 | AN82: =IF(AM82=0,AH82,IF(AM82>=AH82,0,AH82-AM82)) -> 0 | AO82: =IF(AM82>=AH82,AI82,AI82*AM82/AH82) -> 0 | AP82: {=INDEX($AU$8:$BB$25,6*(R82-1)+MATCH(AB82,$AS$8:$AS$13,0),MATCH(O82,$AU$7:$BB$7,0))} -> TRUE
B83: D | F83: {=SUM( _xlfn.BYROW( IF(C80:E91-C68:E79>0, C80:E91-C68:E79, 0), _xleta.SUM) *data!$C$3:$C$14 )} -> 0 | O83: Q1’26 | P83: 2 | Q83: 15 | R83: 1 | T83: =(S83+S84+S85)=N3 -> FALSE | X83: =MAX(S80-S83,0) -> 0 | Y83: 0 | AA83: 7 | AB83: E | AC83: E+ | AD83: 13 | AE83: 10 | AF83: 0.76 | AG83: 0.84 | AH83: 0 | AI83: 0 | AJ83: =SUMIFS(AH$8:AH$1039,$O$8:$O$1039,O83,$AB$8:$AB$1039,AB83,$R$8:$R$1039,R83,$AA$8:$AA$1039,"<="&AA83) -> 0 | AK83: =C12 -> 40 | AL83: =C18 -> 0 | AM83: =MAX(0,AJ83-AK83) -> 0 | AN83: =IF(AM83=0,AH83,IF(AM83>=AH83,0,AH83-AM83)) -> 0 | AO83: =IF(AM83>=AH83,AI83,AI83*AM83/AH83) -> 0 | AP83: {=INDEX($AU$8:$BB$25,6*(R83-1)+MATCH(AB83,$AS$8:$AS$13,0),MATCH(O83,$AU$7:$BB$7,0))} -> TRUE
B84: E | F84: Moveout cost | O84: Q1’26 | P84: 2 | Q84: 15 | R84: 2 | T84: =(S83+S84+S85)=N3 -> FALSE | X84: =MAX(S81-S84,0) -> 0 | Y84: 0 | AA84: 7 | AB84: E | AC84: E+ | AD84: 13 | AE84: 10 | AF84: 0.76 | AG84: 0.84 | AH84: 0 | AI84: 0 | AJ84: =SUMIFS(AH$8:AH$1039,$O$8:$O$1039,O84,$AB$8:$AB$1039,AB84,$R$8:$R$1039,R84,$AA$8:$AA$1039,"<="&AA84) -> 0 | AK84: =D12 -> 30 | AL84: =D18 -> 0 | AM84: =MAX(0,AJ84-AK84) -> 0 | AN84: =IF(AM84=0,AH84,IF(AM84>=AH84,0,AH84-AM84)) -> 0 | AO84: =IF(AM84>=AH84,AI84,AI84*AM84/AH84) -> 0 | AP84: {=INDEX($AU$8:$BB$25,6*(R84-1)+MATCH(AB84,$AS$8:$AS$13,0),MATCH(O84,$AU$7:$BB$7,0))} -> TRUE
B85: F | F85: {=SUM( _xlfn.BYROW( IF(C80:E91-C68:E79<0, C80:E91-C68:E79, 0), _xleta.SUM) * -1000000 )} -> 0 | O85: Q1’26 | P85: 2 | Q85: 15 | R85: 3 | T85: =(S83+S84+S85)=N3 -> FALSE | X85: =MAX(S82-S85,0) -> 0 | Y85: 0 | AA85: 7 | AB85: E | AC85: E+ | AD85: 13 | AE85: 10 | AF85: 0.76 | AG85: 0.84 | AH85: 0 | AI85: 0 | AJ85: =SUMIFS(AH$8:AH$1039,$O$8:$O$1039,O85,$AB$8:$AB$1039,AB85,$R$8:$R$1039,R85,$AA$8:$AA$1039,"<="&AA85) -> 0 | AK85: =E12 -> 16 | AL85: =E18 -> 0 | AM85: =MAX(0,AJ85-AK85) -> 0 | AN85: =IF(AM85=0,AH85,IF(AM85>=AH85,0,AH85-AM85)) -> 0 | AO85: =IF(AM85>=AH85,AI85,AI85*AM85/AH85) -> 0 | AP85: {=INDEX($AU$8:$BB$25,6*(R85-1)+MATCH(AB85,$AS$8:$AS$13,0),MATCH(O85,$AU$7:$BB$7,0))} -> TRUE
B86: A+ | O86: Q1’26 | P86: 3 | Q86: 1 | R86: 1 | T86: =(S86+S87+S88)=N4 -> FALSE | X86: 0 | Y86: 0 | AA86: 1 | AB86: C | AC86: C+ | AD86: 21 | AE86: 20 | AF86: 0.8 | AG86: 0.86 | AH86: 0 | AI86: 0 | AJ86: =SUMIFS(AH$8:AH$1039,$O$8:$O$1039,O86,$AB$8:$AB$1039,AB86,$R$8:$R$1039,R86,$AA$8:$AA$1039,"<="&AA86) -> 0 | AK86: =C10 -> 0 | AL86: =C16 -> 0 | AM86: =MAX(0,AJ86-AK86) -> 0 | AN86: =IF(AM86=0,AH86,IF(AM86>=AH86,0,AH86-AM86)) -> 0 | AO86: =IF(AM86>=AH86,AI86,AI86*AM86/AH86) -> 0 | AP86: {=INDEX($AU$8:$BB$25,6*(R86-1)+MATCH(AB86,$AS$8:$AS$13,0),MATCH(O86,$AU$7:$BB$7,0))} -> TRUE
B87: B+ | O87: Q1’26 | P87: 3 | Q87: 1 | R87: 2 | T87: =(S86+S87+S88)=N4 -> FALSE | X87: 0 | Y87: 0 | AA87: 1 | AB87: C | AC87: C+ | AD87: 21 | AE87: 20 | AF87: 0.8 | AG87: 0.86 | AH87: 0 | AI87: 0 | AJ87: =SUMIFS(AH$8:AH$1039,$O$8:$O$1039,O87,$AB$8:$AB$1039,AB87,$R$8:$R$1039,R87,$AA$8:$AA$1039,"<="&AA87) -> 0 | AK87: =D10 -> 0 | AL87: =D16 -> 0 | AM87: =MAX(0,AJ87-AK87) -> 0 | AN87: =IF(AM87=0,AH87,IF(AM87>=AH87,0,AH87-AM87)) -> 0 | AO87: =IF(AM87>=AH87,AI87,AI87*AM87/AH87) -> 0 | AP87: {=INDEX($AU$8:$BB$25,6*(R87-1)+MATCH(AB87,$AS$8:$AS$13,0),MATCH(O87,$AU$7:$BB$7,0))} -> TRUE
B88: C+ | O88: Q1’26 | P88: 3 | Q88: 1 | R88: 3 | T88: =(S86+S87+S88)=N4 -> FALSE | X88: 0 | Y88: 0 | AA88: 1 | AB88: C | AC88: C+ | AD88: 21 | AE88: 20 | AF88: 0.8 | AG88: 0.86 | AH88: 0 | AI88: 0 | AJ88: =SUMIFS(AH$8:AH$1039,$O$8:$O$1039,O88,$AB$8:$AB$1039,AB88,$R$8:$R$1039,R88,$AA$8:$AA$1039,"<="&AA88) -> 0 | AK88: =E10 -> 40 | AL88: =E16 -> 0 | AM88: =MAX(0,AJ88-AK88) -> 0 | AN88: =IF(AM88=0,AH88,IF(AM88>=AH88,0,AH88-AM88)) -> 0 | AO88: =IF(AM88>=AH88,AI88,AI88*AM88/AH88) -> 0 | AP88: {=INDEX($AU$8:$BB$25,6*(R88-1)+MATCH(AB88,$AS$8:$AS$13,0),MATCH(O88,$AU$7:$BB$7,0))} -> TRUE
B89: D+ | O89: Q1’26 | P89: 3 | Q89: 2 | R89: 1 | T89: =(S89+S90+S91)=N4 -> FALSE | X89: =MAX(S86-S89,0) -> 0 | Y89: 0 | AA89: 8 | AB89: D | AC89: D+ | AD89: 9 | AE89: 7 | AF89: 0.8 | AG89: 0.88 | AH89: 0 | AI89: 0 | AJ89: =SUMIFS(AH$8:AH$1039,$O$8:$O$1039,O89,$AB$8:$AB$1039,AB89,$R$8:$R$1039,R89,$AA$8:$AA$1039,"<="&AA89) -> 0 | AK89: =C11 -> 50 | AL89: =C17 -> 0 | AM89: =MAX(0,AJ89-AK89) -> 0 | AN89: =IF(AM89=0,AH89,IF(AM89>=AH89,0,AH89-AM89)) -> 0 | AO89: =IF(AM89>=AH89,AI89,AI89*AM89/AH89) -> 0 | AP89: {=INDEX($AU$8:$BB$25,6*(R89-1)+MATCH(AB89,$AS$8:$AS$13,0),MATCH(O89,$AU$7:$BB$7,0))} -> TRUE
B90: E+ | O90: Q1’26 | P90: 3 | Q90: 2 | R90: 2 | T90: =(S89+S90+S91)=N4 -> FALSE | X90: =MAX(S87-S90,0) -> 0 | Y90: 0 | AA90: 8 | AB90: D | AC90: D+ | AD90: 9 | AE90: 7 | AF90: 0.8 | AG90: 0.88 | AH90: 0 | AI90: 0 | AJ90: =SUMIFS(AH$8:AH$1039,$O$8:$O$1039,O90,$AB$8:$AB$1039,AB90,$R$8:$R$1039,R90,$AA$8:$AA$1039,"<="&AA90) -> 0 | AK90: =D11 -> 50 | AL90: =D17 -> 0 | AM90: =MAX(0,AJ90-AK90) -> 0 | AN90: =IF(AM90=0,AH90,IF(AM90>=AH90,0,AH90-AM90)) -> 0 | AO90: =IF(AM90>=AH90,AI90,AI90*AM90/AH90) -> 0 | AP90: {=INDEX($AU$8:$BB$25,6*(R90-1)+MATCH(AB90,$AS$8:$AS$13,0),MATCH(O90,$AU$7:$BB$7,0))} -> TRUE
B91: F+ | F91: Fab 1 space | G91: Fab 2 space | H91: Fab 3 space | O91: Q1’26 | P91: 3 | Q91: 2 | R91: 3 | T91: =(S89+S90+S91)=N4 -> FALSE | X91: =MAX(S88-S91,0) -> 0 | Y91: 0 | AA91: 8 | AB91: D | AC91: D+ | AD91: 9 | AE91: 7 | AF91: 0.8 | AG91: 0.88 | AH91: 0 | AI91: 0 | AJ91: =SUMIFS(AH$8:AH$1039,$O$8:$O$1039,O91,$AB$8:$AB$1039,AB91,$R$8:$R$1039,R91,$AA$8:$AA$1039,"<="&AA91) -> 0 | AK91: =E11 -> 35 | AL91: =E17 -> 0 | AM91: =MAX(0,AJ91-AK91) -> 0 | AN91: =IF(AM91=0,AH91,IF(AM91>=AH91,0,AH91-AM91)) -> 0 | AO91: =IF(AM91>=AH91,AI91,AI91*AM91/AH91) -> 0 | AP91: {=INDEX($AU$8:$BB$25,6*(R91-1)+MATCH(AB91,$AS$8:$AS$13,0),MATCH(O91,$AU$7:$BB$7,0))} -> TRUE
A92: WS Component for Q4’27 | B92: A | F92: {=SUM(C92:C103*data!$B$3:$B$14)} -> 0 | G92: {=SUM(D92:D103*data!$B$3:$B$14)} -> 0 | H92: {=SUM(E92:E103*data!$B$3:$B$14)} -> 0 | I92: <- make sure its green | O92: Q1’26 | P92: 3 | Q92: 3 | R92: 1 | T92: =(S92+S93+S94)=N4 -> FALSE | X92: =MAX(S89-S92,0) -> 0 | Y92: 0 | AA92: 1 | AB92: E | AC92: E+ | AD92: 24 | AE92: 23 | AF92: 0.76 | AG92: 0.84 | AH92: 0 | AI92: 0 | AJ92: =SUMIFS(AH$8:AH$1039,$O$8:$O$1039,O92,$AB$8:$AB$1039,AB92,$R$8:$R$1039,R92,$AA$8:$AA$1039,"<="&AA92) -> 0 | AK92: =C12 -> 40 | AL92: =C18 -> 0 | AM92: =MAX(0,AJ92-AK92) -> 0 | AN92: =IF(AM92=0,AH92,IF(AM92>=AH92,0,AH92-AM92)) -> 0 | AO92: =IF(AM92>=AH92,AI92,AI92*AM92/AH92) -> 0 | AP92: {=INDEX($AU$8:$BB$25,6*(R92-1)+MATCH(AB92,$AS$8:$AS$13,0),MATCH(O92,$AU$7:$BB$7,0))} -> TRUE
B93: B | O93: Q1’26 | P93: 3 | Q93: 3 | R93: 2 | T93: =(S92+S93+S94)=N4 -> FALSE | X93: =MAX(S90-S93,0) -> 0 | Y93: 0 | AA93: 1 | AB93: E | AC93: E+ | AD93: 24 | AE93: 23 | AF93: 0.76 | AG93: 0.84 | AH93: 0 | AI93: 0 | AJ93: =SUMIFS(AH$8:AH$1039,$O$8:$O$1039,O93,$AB$8:$AB$1039,AB93,$R$8:$R$1039,R93,$AA$8:$AA$1039,"<="&AA93) -> 0 | AK93: =D12 -> 30 | AL93: =D18 -> 0 | AM93: =MAX(0,AJ93-AK93) -> 0 | AN93: =IF(AM93=0,AH93,IF(AM93>=AH93,0,AH93-AM93)) -> 0 | AO93: =IF(AM93>=AH93,AI93,AI93*AM93/AH93) -> 0 | AP93: {=INDEX($AU$8:$BB$25,6*(R93-1)+MATCH(AB93,$AS$8:$AS$13,0),MATCH(O93,$AU$7:$BB$7,0))} -> TRUE
B94: C | F94: New tool purchase cost | O94: Q1’26 | P94: 3 | Q94: 3 | R94: 3 | T94: =(S92+S93+S94)=N4 -> FALSE | X94: =MAX(S91-S94,0) -> 0 | Y94: 0 | AA94: 1 | AB94: E | AC94: E+ | AD94: 24 | AE94: 23 | AF94: 0.76 | AG94: 0.84 | AH94: 0 | AI94: 0 | AJ94: =SUMIFS(AH$8:AH$1039,$O$8:$O$1039,O94,$AB$8:$AB$1039,AB94,$R$8:$R$1039,R94,$AA$8:$AA$1039,"<="&AA94) -> 0 | AK94: =E12 -> 16 | AL94: =E18 -> 0 | AM94: =MAX(0,AJ94-AK94) -> 0 | AN94: =IF(AM94=0,AH94,IF(AM94>=AH94,0,AH94-AM94)) -> 0 | AO94: =IF(AM94>=AH94,AI94,AI94*AM94/AH94) -> 0 | AP94: {=INDEX($AU$8:$BB$25,6*(R94-1)+MATCH(AB94,$AS$8:$AS$13,0),MATCH(O94,$AU$7:$BB$7,0))} -> TRUE
B95: D | F95: {=SUM( _xlfn.BYROW( IF(C92:E103-C80:E91>0, C92:E103-C80:E91, 0), _xleta.SUM) *data!$C$3:$C$14 )} -> 0 | O95: Q1’26 | P95: 3 | Q95: 4 | R95: 1 | T95: =(S95+S96+S97)=N4 -> FALSE | X95: =MAX(S92-S95,0) -> 0 | Y95: 0 | AA95: 9 | AB95: E | AC95: E+ | AD95: 15 | AE95: 11 | AF95: 0.76 | AG95: 0.84 | AH95: 0 | AI95: 0 | AJ95: =SUMIFS(AH$8:AH$1039,$O$8:$O$1039,O95,$AB$8:$AB$1039,AB95,$R$8:$R$1039,R95,$AA$8:$AA$1039,"<="&AA95) -> 0 | AK95: =C12 -> 40 | AL95: =C18 -> 0 | AM95: =MAX(0,AJ95-AK95) -> 0 | AN95: =IF(AM95=0,AH95,IF(AM95>=AH95,0,AH95-AM95)) -> 0 | AO95: =IF(AM95>=AH95,AI95,AI95*AM95/AH95) -> 0 | AP95: {=INDEX($AU$8:$BB$25,6*(R95-1)+MATCH(AB95,$AS$8:$AS$13,0),MATCH(O95,$AU$7:$BB$7,0))} -> TRUE
B96: E | F96: Moveout cost | O96: Q1’26 | P96: 3 | Q96: 4 | R96: 2 | T96: =(S95+S96+S97)=N4 -> FALSE | X96: =MAX(S93-S96,0) -> 0 | Y96: 0 | AA96: 9 | AB96: E | AC96: E+ | AD96: 15 | AE96: 11 | AF96: 0.76 | AG96: 0.84 | AH96: 0 | AI96: 0 | AJ96: =SUMIFS(AH$8:AH$1039,$O$8:$O$1039,O96,$AB$8:$AB$1039,AB96,$R$8:$R$1039,R96,$AA$8:$AA$1039,"<="&AA96) -> 0 | AK96: =D12 -> 30 | AL96: =D18 -> 0 | AM96: =MAX(0,AJ96-AK96) -> 0 | AN96: =IF(AM96=0,AH96,IF(AM96>=AH96,0,AH96-AM96)) -> 0 | AO96: =IF(AM96>=AH96,AI96,AI96*AM96/AH96) -> 0 | AP96: {=INDEX($AU$8:$BB$25,6*(R96-1)+MATCH(AB96,$AS$8:$AS$13,0),MATCH(O96,$AU$7:$BB$7,0))} -> TRUE
B97: F | F97: {=SUM( _xlfn.BYROW( IF(C92:E103-C80:E91<0, C92:E103-C80:E91, 0), _xleta.SUM) * -1000000 )} -> 0 | O97: Q1’26 | P97: 3 | Q97: 4 | R97: 3 | T97: =(S95+S96+S97)=N4 -> FALSE | X97: =MAX(S94-S97,0) -> 0 | Y97: 0 | AA97: 9 | AB97: E | AC97: E+ | AD97: 15 | AE97: 11 | AF97: 0.76 | AG97: 0.84 | AH97: 0 | AI97: 0 | AJ97: =SUMIFS(AH$8:AH$1039,$O$8:$O$1039,O97,$AB$8:$AB$1039,AB97,$R$8:$R$1039,R97,$AA$8:$AA$1039,"<="&AA97) -> 0 | AK97: =E12 -> 16 | AL97: =E18 -> 0 | AM97: =MAX(0,AJ97-AK97) -> 0 | AN97: =IF(AM97=0,AH97,IF(AM97>=AH97,0,AH97-AM97)) -> 0 | AO97: =IF(AM97>=AH97,AI97,AI97*AM97/AH97) -> 0 | AP97: {=INDEX($AU$8:$BB$25,6*(R97-1)+MATCH(AB97,$AS$8:$AS$13,0),MATCH(O97,$AU$7:$BB$7,0))} -> TRUE
B98: A+ | O98: Q1’26 | P98: 3 | Q98: 5 | R98: 1 | T98: =(S98+S99+S100)=N4 -> FALSE | X98: =MAX(S95-S98,0) -> 0 | Y98: 0 | AA98: 6 | AB98: F | AC98: F+ | AD98: 16 | AE98: 14 | AF98: 0.8 | AG98: 0.9 | AH98: 0 | AI98: 0 | AJ98: =SUMIFS(AH$8:AH$1039,$O$8:$O$1039,O98,$AB$8:$AB$1039,AB98,$R$8:$R$1039,R98,$AA$8:$AA$1039,"<="&AA98) -> 0 | AK98: =C13 -> 90 | AL98: =C19 -> 0 | AM98: =MAX(0,AJ98-AK98) -> 0 | AN98: =IF(AM98=0,AH98,IF(AM98>=AH98,0,AH98-AM98)) -> 0 | AO98: =IF(AM98>=AH98,AI98,AI98*AM98/AH98) -> 0 | AP98: {=INDEX($AU$8:$BB$25,6*(R98-1)+MATCH(AB98,$AS$8:$AS$13,0),MATCH(O98,$AU$7:$BB$7,0))} -> TRUE
B99: B+ | O99: Q1’26 | P99: 3 | Q99: 5 | R99: 2 | T99: =(S98+S99+S100)=N4 -> FALSE | X99: =MAX(S96-S99,0) -> 0 | Y99: 0 | AA99: 6 | AB99: F | AC99: F+ | AD99: 16 | AE99: 14 | AF99: 0.8 | AG99: 0.9 | AH99: 0 | AI99: 0 | AJ99: =SUMIFS(AH$8:AH$1039,$O$8:$O$1039,O99,$AB$8:$AB$1039,AB99,$R$8:$R$1039,R99,$AA$8:$AA$1039,"<="&AA99) -> 0 | AK99: =D13 -> 60 | AL99: =D19 -> 0 | AM99: =MAX(0,AJ99-AK99) -> 0 | AN99: =IF(AM99=0,AH99,IF(AM99>=AH99,0,AH99-AM99)) -> 0 | AO99: =IF(AM99>=AH99,AI99,AI99*AM99/AH99) -> 0 | AP99: {=INDEX($AU$8:$BB$25,6*(R99-1)+MATCH(AB99,$AS$8:$AS$13,0),MATCH(O99,$AU$7:$BB$7,0))} -> TRUE
B100: C+ | O100: Q1’26 | P100: 3 | Q100: 5 | R100: 3 | T100: =(S98+S99+S100)=N4 -> FALSE | X100: =MAX(S97-S100,0) -> 0 | Y100: 0 | AA100: 6 | AB100: F | AC100: F+ | AD100: 16 | AE100: 14 | AF100: 0.8 | AG100: 0.9 | AH100: 0 | AI100: 0 | AJ100: =SUMIFS(AH$8:AH$1039,$O$8:$O$1039,O100,$AB$8:$AB$1039,AB100,$R$8:$R$1039,R100,$AA$8:$AA$1039,"<="&AA100) -> 0 | AK100: =E13 -> 36 | AL100: =E19 -> 0 | AM100: =MAX(0,AJ100-AK100) -> 0 | AN100: =IF(AM100=0,AH100,IF(AM100>=AH100,0,AH100-AM100)) -> 0 | AO100: =IF(AM100>=AH100,AI100,AI100*AM100/AH100) -> 0 | AP100: {=INDEX($AU$8:$BB$25,6*(R100-1)+MATCH(AB100,$AS$8:$AS$13,0),MATCH(O100,$AU$7:$BB$7,0))} -> TRUE
...

Sheet data
A1: Space data | I1: Step Matrix
A2: WS | B2: sqm | C2: cost | G2: Mintech preference rank | H2: N-S | I2: Node | J2: Step Name | K2: WS | L2: RPT (min) | M2: WS(TOR) | N2: RPT(TOR) | O2: Ratio
A3: A | B3: 6.78 | C3: 4500000 | D3: 0.78 | G3: 1 | H3: =I3&J3 -> 18 | I3: 1 | J3: 8 | K3: A | L3: 18 | M3: A+ | N3: 16 | O3: =L3/N3 -> 1.125
A4: B | B4: 3.96 | C4: 6000000 | D4: 0.76 | G4: 2 | H4: =I4&J4 -> 19 | I4: 1 | J4: 9 | K4: A | L4: 16 | M4: A+ | N4: 13 | O4: =L4/N4 -> 1.2307692
A5: C | B5: 5.82 | C5: 2200000 | D5: 0.8 | G5: 3 | H5: =I5&J5 -> 14 | I5: 1 | J5: 4 | K5: A | L5: 20 | M5: A+ | N5: 16 | O5: =L5/N5 -> 1.25
A6: D | B6: 5.61 | C6: 4000000 | D6: 0.8 | G6: 1 | H6: =I6&J6 -> 22 | I6: 2 | J6: 2 | K6: B | L6: 20 | M6: B+ | N6: 18 | O6: =L6/N6 -> 1.1111111
A7: E | B7: 4.65 | C7: 3500000 | D7: 0.76 | G7: 2 | H7: =I7&J7 -> 24 | I7: 2 | J7: 4 | K7: B | L7: 25 | M7: B+ | N7: 19 | O7: =L7/N7 -> 1.3157895
A8: F | B8: 3.68 | C8: 6000000 | D8: 0.8 | G8: 3 | H8: =I8&J8 -> 25 | I8: 2 | J8: 5 | K8: B | L8: 15 | M8: B+ | N8: 11 | O8: =L8/N8 -> 1.3636364
A9: A+ | B9: 6.93 | C9: 6000000 | D9: 0.84 | G9: 4 | H9: =I9&J9 -> 28 | I9: 2 | J9: 8 | K9: B | L9: 22 | M9: B+ | N9: 16 | O9: =L9/N9 -> 1.375
A10: B+ | B10: 3.72 | C10: 8000000 | D10: 0.81 | G10: 1 | H10: =I10&J10 -> 31 | I10: 3 | J10: 1 | K10: C | L10: 21 | M10: C+ | N10: 20 | O10: =L10/N10 -> 1.05
A11: C+ | B11: 5.75 | C11: 3200000 | D11: 0.86 | G11: 2 | H11: =I11&J11 -> 314 | I11: 3 | J11: 14 | K11: C | L11: 12 | M11: C+ | N11: 11 | O11: =L11/N11 -> 1.0909091
A12: D+ | B12: 5.74 | C12: 5500000 | D12: 0.88 | G12: 3 | H12: =I12&J12 -> 37 | I12: 3 | J12: 7 | K12: C | L12: 24 | M12: C+ | N12: 21 | O12: =L12/N12 -> 1.1428571
A13: E+ | B13: 4.8 | C13: 5800000 | D13: 0.84 | G13: 4 | H13: =I13&J13 -> 316 | I13: 3 | J13: 16 | K13: C | L13: 25 | M13: C+ | N13: 20 | O13: =L13/N13 -> 1.25
A14: F+ | B14: 3.57 | C14: 8000000 | D14: 0.9 | G14: 5 | H14: =I14&J14 -> 38 | I14: 3 | J14: 8 | K14: C | L14: 19 | M14: C+ | N14: 13 | O14: =L14/N14 -> 1.4615385
C15: =SUM(C2:C14)*3 -> 188100000 | G15: 1 | H15: =I15&J15 -> 36 | I15: 3 | J15: 6 | K15: D | L15: 12 | M15: D+ | N15: 11 | O15: =L15/N15 -> 1.0909091
G16: 2 | H16: =I16&J16 -> 315 | I16: 3 | J16: 15 | K16: D | L16: 11 | M16: D+ | N16: 10 | O16: =L16/N16 -> 1.1
G17: 3 | H17: =I17&J17 -> 39 | I17: 3 | J17: 9 | K17: D | L17: 15 | M17: D+ | N17: 13 | O17: =L17/N17 -> 1.1538462
G18: 4 | H18: =I18&J18 -> 11 | I18: 1 | J18: 1 | K18: D | L18: 14 | M18: D+ | N18: 12 | O18: =L18/N18 -> 1.1666667
G19: 5 | H19: =I19&J19 -> 310 | I19: 3 | J19: 10 | K19: D | L19: 24 | M19: D+ | N19: 20 | O19: =L19/N19 -> 1.2
G20: 6 | H20: =I20&J20 -> 110 | I20: 1 | J20: 10 | K20: D | L20: 14 | M20: D+ | N20: 11 | O20: =L20/N20 -> 1.2727273
G21: 7 | H21: =I21&J21 -> 16 | I21: 1 | J21: 6 | K21: D | L21: 27 | M21: D+ | N21: 21 | O21: =L21/N21 -> 1.2857143
G22: 8 | H22: =I22&J22 -> 32 | I22: 3 | J22: 2 | K22: D | L22: 9 | M22: D+ | N22: 7 | O22: =L22/N22 -> 1.2857143
G23: 9 | H23: =I23&J23 -> 17 | I23: 1 | J23: 7 | K23: D | L23: 17 | M23: D+ | N23: 13 | O23: =L23/N23 -> 1.3076923
G24: 1 | H24: =I24&J24 -> 33 | I24: 3 | J24: 3 | K24: E | L24: 24 | M24: E+ | N24: 23 | O24: =L24/N24 -> 1.0434783
G25: 2 | H25: =I25&J25 -> 211 | I25: 2 | J25: 11 | K25: E | L25: 20 | M25: E+ | N25: 19 | O25: =L25/N25 -> 1.0526316
G26: 3 | H26: =I26&J26 -> 311 | I26: 3 | J26: 11 | K26: E | L26: 17 | M26: E+ | N26: 15 | O26: =L26/N26 -> 1.1333333
G27: 4 | H27: =I27&J27 -> 29 | I27: 2 | J27: 9 | K27: E | L27: 7 | M27: E+ | N27: 6 | O27: =L27/N27 -> 1.1666667
... G45: 11 | H45: =I45&J45 -> 15 | I45: 1 | J45: 5 | K45: F | L45: 12 | M45: F+ | N45: 9 | O45: =L45/N45 -> 1.3333333

Sheet Q1b
A1: Do not modify anything in this sheet except for the answer area | F1: Space available | M1: Quarter | N1: Q1’26 | O1: Q2’26 | P1: Q3’26 | Q1: Q4’26 | R1: Q1’27 | S1: Q2’27 | T1: Q3’27 | U1: Q4’27
F2: Fab 1 | G2: Fab 2 | H2: Fab 3 | K2: Total costs over 8 quarters | M2: Node 1 | N2: 12000 | O2: 10000 | P2: 8500 | Q2: 7500 | R2: 6000 | S2: 5000 | T2: 4000 | U2: 2000 | AP2: All capacity ok?
F3: 1500 | G3: 1300 | H3: 700 | J3: minimize this -> | K3: =F23+F35+F47+F59+F71+F83+F95+F25+F37+F49+F61+F73+F85+F97+Y6 -> 587000000 | M3: Node 2 | N3: 5000 | O3: 5200 | P3: 5400 | Q3: 5600 | R3: 6000 | S3: 6500 | T3: 7000 | U3: 7500 | AP3: =AND(AU8:BB25) -> TRUE | AQ3: <- make sure its green
A4: All constraints fulfilled? | B4: =AND(K7,V8,AP3) -> FALSE | C4: <- make sure its green | M4: Node 3 | N4: 3000 | O4: 4500 | P4: 7000 | Q4: 8000 | R4: 9000 | S4: 11000 | T4: 13000 | U4: 16000
O5: =ROUNDUP(45*O2/10080/0.84,0) -> 54 | P5: =ROUNDUP(45*P2/10080/0.84,0) -> 46 | Q5: =ROUNDUP(45*Q2/10080/0.84,0) -> 40 | R5: =ROUNDUP(45*R2/10080/0.84,0) -> 32 | S5: =ROUNDUP(45*S2/10080/0.84,0) -> 27 | T5: =ROUNDUP(45*T2/10080/0.84,0) -> 22 | AU5: Enough mintech + TOR tools to run the assigned loading?
C6: Tooling plan (to fill) | F6: Solution Validation | K6: All space within limit? | O6: Node Wafer Stepflow Distribution for each fab for each quarter | T6: Solution Validation | V6: All loading fulfilled? | X6: Total transfer costs: | Y6: =SUM(_xlfn.ANCHORARRAY(Y8)) -> 0 | AB6: mintech | AC6: TOR | AD6: mintech | AE6: TOR | AF6: mintech | AG6: TOR | AH6: mintech | AI6: TOR | AJ6: mintech | AK6: mintech | AL6: TOR | AM6: mintech | AN6: mintech | AO6: TOR | AP6: Enough mintech + TOR tools to run the assigned loading?
B7: WS Name | C7: Fab 1 - WS Count | D7: Fab 2 - WS Count | E7: Fab 3 - WS Count | F7: Fab 1 space | G7: Fab 2 space | H7: Fab 3 space | K7: {=AND(F8:H8<$F$3:$H$3,F20:H20<$F$3:$H$3,F32:H32<$F$3:$H$3,F44:H44<$F$3:$H$3,F56:H56<$F$3:$H$3,F68:H68<$F$3:$H$3,F80:H80<$F$3:$H$3,F92:H92<$F$3:$H$3)} -> TRUE | O7: Quarter | P7: Node | Q7: Step | R7: Fab | S7: Loading (to fill) | T7: Loading fulfilled? | X7: Cross-fab transfer count | Y7: Transfer costs | AA7: Mintech preference rank | AB7: WS (mintech) | AC7: WS (TOR) | AD7: RPT (mintech) | AE7: RPT (TOR) | AF7: Util (mintech) | AG7: Util (TOR) | AH7: Tool requirement if running on mintech | AI7: Tool requirement if running on TOR | AJ7: Cumulative mintech req | AK7: Available mintech tools | AL7: Available TOR tools | AM7: Overflow cumreq | AN7: Req on mintech | AO7: Req on TOR | AR7: Fab | AU7: Q1’26 | AV7: Q2’26 | AW7: Q3’26 | AX7: Q4’26 | AY7: Q1’27 | AZ7: Q2’27 | BA7: Q3’27 | BB7: Q4’27
A8: WS Component for Q1’26 | B8: A | C8: 50 | D8: 35 | E8: 0 | F8: {=SUM(C8:C19*data!$B$3:$B$14)} -> 1235.7 | G8: {=SUM(D8:D19*data!$B$3:$B$14)} -> 996.9 | H8: {=SUM(E8:E19*data!$B$3:$B$14)} -> 636.03 | I8: <- make sure its green | O8: Q1’26 | P8: 1 | Q8: 1 | R8: 1 | T8: =(S8+S9+S10)=N2 -> FALSE | V8: =AND(T8:T1039) -> FALSE | W8: <- make sure its green | X8: 0 | Y8: {=X8:X1039*50*13} -> 0 | AA8: 4 | AB8: D | AC8: D+ | AD8: 14 | AE8: 12 | AF8: 0.8 | AG8: 0.88 | AH8: {=$S8:$S1039*AD8:AD1039/10080/AF8:AF1039} -> 0 | AI8: {=$S8:$S1039*AE8:AE1039/10080/AG8:AG1039} -> 0 | AJ8: =SUMIFS(AH$8:AH$1039,$O$8:$O$1039,O8,$AB$8:$AB$1039,AB8,$R$8:$R$1039,R8,$AA$8:$AA$1039,"<="&AA8) -> 0 | AK8: =C11 -> 50 | AL8: =C17 -> 0 | AM8: =MAX(0,AJ8-AK8) -> 0 | AN8: =IF(AM8=0,AH8,IF(AM8>=AH8,0,AH8-AM8)) -> 0 | AO8: =IF(AM8>=AH8,AI8,AI8*AM8/AH8) -> 0 | AP8: {=INDEX($AU$8:$BB$25,6*(R8-1)+MATCH(AB8,$AS$8:$AS$13,0),MATCH(O8,$AU$7:$BB$7,0))} -> TRUE | AR8: 1 | AS8: A | AT8: A+ | AU8: =AND(SUMIFS($AN$8:$AN$1039,$O$8:$O$1039,AU7,$AB$8:$AB$1039,AS8,$R$8:$R$1039,AR8)<=C8,SUMIFS($AO$8:$AO$1039,$O$8:$O$1039,AU7,$AB$8:$AB$1039,AS8,$R$8:$R$1039,AR8)<=C14) -> TRUE | AV8: =AND(SUMIFS($AN$8:$AN$1039,$O$8:$O$1039,AV7,$AB$8:$AB$1039,AS8,$R$8:$R$1039,AR8)<=C20,SUMIFS($AO$8:$AO$1039,$O$8:$O$1039,AV7,$AB$8:$AB$1039,AS8,$R$8:$R$1039,AR8)<=C26) -> TRUE | AW8: =AND(SUMIFS($AN$8:$AN$1039,$O$8:$O$1039,AW7,$AB$8:$AB$1039,AS8,$R$8:$R$1039,AR8)<=C32,SUMIFS($AO$8:$AO$1039,$O$8:$O$1039,AW7,$AB$8:$AB$1039,AS8,$R$8:$R$1039,AR8)<=C38) -> TRUE | AX8: =AND(SUMIFS($AN$8:$AN$1039,$O$8:$O$1039,AX7,$AB$8:$AB$1039,AS8,$R$8:$R$1039,AR8)<=C44,SUMIFS($AO$8:$AO$1039,$O$8:$O$1039,AX7,$AB$8:$AB$1039,AS8,$R$8:$R$1039,AR8)<=C50) -> TRUE | AY8: =AND(SUMIFS($AN$8:$AN$1039,$O$8:$O$1039,AY7,$AB$8:$AB$1039,AS8,$R$8:$R$1039,AR8)<=C56,SUMIFS($AO$8:$AO$1039,$O$8:$O$1039,AY7,$AB$8:$AB$1039,AS8,$R$8:$R$1039,AR8)<=C62) -> TRUE | AZ8: =AND(SUMIFS($AN$8:$AN$1039,$O$8:$O$1039,AZ7,$AB$8:$AB$1039,AS8,$R$8:$R$1039,AR8)<=C68,SUMIFS($AO$8:$AO$1039,$O$8:$O$1039,AZ7,$AB$8:$AB$1039,AS8,$R$8:$R$1039,AR8)<=C74) -> TRUE | BA8: =AND(SUMIFS($AN$8:$AN$1039,$O$8:$O$1039,BA7,$AB$8:$AB$1039,AS8,$R$8:$R$1039,AR8)<=C80,SUMIFS($AO$8:$AO$1039,$O$8:$O$1039,BA7,$AB$8:$AB$1039,AS8,$R$8:$R$1039,AR8)<=C86) -> TRUE | BB8: =AND(SUMIFS($AN$8:$AN$1039,$O$8:$O$1039,BB7,$AB$8:$AB$1039,AS8,$R$8:$R$1039,AR8)<=C92,SUMIFS($AO$8:$AO$1039,$O$8:$O$1039,BB7,$AB$8:$AB$1039,AS8,$R$8:$R$1039,AR8)<=C98) -> TRUE
B9: B | C9: 25 | D9: 30 | E9: 0 | O9: Q1’26 | P9: 1 | Q9: 1 | R9: 2 | T9: =(S8+S9+S10)=N2 -> FALSE | X9: 0 | Y9: 0 | AA9: 4 | AB9: D | AC9: D+ | AD9: 14 | AE9: 12 | AF9: 0.8 | AG9: 0.88 | AH9: 0 | AI9: 0 | AJ9: =SUMIFS(AH$8:AH$1039,$O$8:$O$1039,O9,$AB$8:$AB$1039,AB9,$R$8:$R$1039,R9,$AA$8:$AA$1039,"<="&AA9) -> 0 | AK9: =D11 -> 50 | AL9: =D17 -> 0 | AM9: =MAX(0,AJ9-AK9) -> 0 | AN9: =IF(AM9=0,AH9,IF(AM9>=AH9,0,AH9-AM9)) -> 0 | AO9: =IF(AM9>=AH9,AI9,AI9*AM9/AH9) -> 0 | AP9: {=INDEX($AU$8:$BB$25,6*(R9-1)+MATCH(AB9,$AS$8:$AS$13,0),MATCH(O9,$AU$7:$BB$7,0))} -> TRUE | AR9: 1 | AS9: B | AT9: B+ | AU9: =AND(SUMIFS($AN$8:$AN$1039,$O$8:$O$1039,AU7,$AB$8:$AB$1039,AS9,$R$8:$R$1039,AR9)<=C9,SUMIFS($AO$8:$AO$1039,$O$8:$O$1039,AU7,$AB$8:$AB$1039,AS9,$R$8:$R$1039,AR9)<=C15) -> TRUE | AV9: =AND(SUMIFS($AN$8:$AN$1039,$O$8:$O$1039,AV7,$AB$8:$AB$1039,AS9,$R$8:$R$1039,AR9)<=C21,SUMIFS($AO$8:$AO$1039,$O$8:$O$1039,AV7,$AB$8:$AB$1039,AS9,$R$8:$R$1039,AR9)<=C27) -> TRUE | AW9: =AND(SUMIFS($AN$8:$AN$1039,$O$8:$O$1039,AW7,$AB$8:$AB$1039,AS9,$R$8:$R$1039,AR9)<=C33,SUMIFS($AO$8:$AO$1039,$O$8:$O$1039,AW7,$AB$8:$AB$1039,AS9,$R$8:$R$1039,AR9)<=C39) -> TRUE | AX9: =AND(SUMIFS($AN$8:$AN$1039,$O$8:$O$1039,AX7,$AB$8:$AB$1039,AS9,$R$8:$R$1039,AR9)<=C45,SUMIFS($AO$8:$AO$1039,$O$8:$O$1039,AX7,$AB$8:$AB$1039,AS9,$R$8:$R$1039,AR9)<=C51) -> TRUE | AY9: =AND(SUMIFS($AN$8:$AN$1039,$O$8:$O$1039,AY7,$AB$8:$AB$1039,AS9,$R$8:$R$1039,AR9)<=C57,SUMIFS($AO$8:$AO$1039,$O$8:$O$1039,AY7,$AB$8:$AB$1039,AS9,$R$8:$R$1039,AR9)<=C63) -> TRUE | AZ9: =AND(SUMIFS($AN$8:$AN$1039,$O$8:$O$1039,AZ7,$AB$8:$AB$1039,AS9,$R$8:$R$1039,AR9)<=C69,SUMIFS($AO$8:$AO$1039,$O$8:$O$1039,AZ7,$AB$8:$AB$1039,AS9,$R$8:$R$1039,AR9)<=C75) -> TRUE | BA9: =AND(SUMIFS($AN$8:$AN$1039,$O$8:$O$1039,BA7,$AB$8:$AB$1039,AS9,$R$8:$R$1039,AR9)<=C81,SUMIFS($AO$8:$AO$1039,$O$8:$O$1039,BA7,$AB$8:$AB$1039,AS9,$R$8:$R$1039,AR9)<=C87) -> TRUE | BB9: =AND(SUMIFS($AN$8:$AN$1039,$O$8:$O$1039,BB7,$AB$8:$AB$1039,AS9,$R$8:$R$1039,AR9)<=C93,SUMIFS($AO$8:$AO$1039,$O$8:$O$1039,BB7,$AB$8:$AB$1039,AS9,$R$8:$R$1039,AR9)<=C99) -> TRUE
B10: C | C10: 0 | D10: 0 | E10: 40 | O10: Q1’26 | P10: 1 | Q10: 1 | R10: 3 | T10: =(S8+S9+S10)=N2 -> FALSE | X10: 0 | Y10: 0 | AA10: 4 | AB10: D | AC10: D+ | AD10: 14 | AE10: 12 | AF10: 0.8 | AG10: 0.88 | AH10: 0 | AI10: 0 | AJ10: =SUMIFS(AH$8:AH$1039,$O$8:$O$1039,O10,$AB$8:$AB$1039,AB10,$R$8:$R$1039,R10,$AA$8:$AA$1039,"<="&AA10) -> 0 | AK10: =E11 -> 35 | AL10: =E17 -> 0 | AM10: =MAX(0,AJ10-AK10) -> 0 | AN10: =IF(AM10=0,AH10,IF(AM10>=AH10,0,AH10-AM10)) -> 0 | AO10: =IF(AM10>=AH10,AI10,AI10*AM10/AH10) -> 0 | AP10: {=INDEX($AU$8:$BB$25,6*(R10-1)+MATCH(AB10,$AS$8:$AS$13,0),MATCH(O10,$AU$7:$BB$7,0))} -> TRUE | AR10: 1 | AS10: C | AT10: C+ | AU10: =AND(SUMIFS($AN$8:$AN$1039,$O$8:$O$1039,AU7,$AB$8:$AB$1039,AS10,$R$8:$R$1039,AR10)<=C10,SUMIFS($AO$8:$AO$1039,$O$8:$O$1039,AU7,$AB$8:$AB$1039,AS10,$R$8:$R$1039,AR10)<=C16) -> TRUE | AV10: =AND(SUMIFS($AN$8:$AN$1039,$O$8:$O$1039,AV7,$AB$8:$AB$1039,AS10,$R$8:$R$1039,AR10)<=C22,SUMIFS($AO$8:$AO$1039,$O$8:$O$1039,AV7,$AB$8:$AB$1039,AS10,$R$8:$R$1039,AR10)<=C28) -> TRUE | AW10: =AND(SUMIFS($AN$8:$AN$1039,$O$8:$O$1039,AW7,$AB$8:$AB$1039,AS10,$R$8:$R$1039,AR10)<=C34,SUMIFS($AO$8:$AO$1039,$O$8:$O$1039,AW7,$AB$8:$AB$1039,AS10,$R$8:$R$1039,AR10)<=C40) -> TRUE | AX10: =AND(SUMIFS($AN$8:$AN$1039,$O$8:$O$1039,AX7,$AB$8:$AB$1039,AS10,$R$8:$R$1039,AR10)<=C46,SUMIFS($AO$8:$AO$1039,$O$8:$O$1039,AX7,$AB$8:$AB$1039,AS10,$R$8:$R$1039,AR10)<=C52) -> TRUE | AY10: =AND(SUMIFS($AN$8:$AN$1039,$O$8:$O$1039,AY7,$AB$8:$AB$1039,AS10,$R$8:$R$1039,AR10)<=C58,SUMIFS($AO$8:$AO$1039,$O$8:$O$1039,AY7,$AB$8:$AB$1039,AS10,$R$8:$R$1039,AR10)<=C64) -> TRUE | AZ10: =AND(SUMIFS($AN$8:$AN$1039,$O$8:$O$1039,AZ7,$AB$8:$AB$1039,AS10,$R$8:$R$1039,AR10)<=C70,SUMIFS($AO$8:$AO$1039,$O$8:$O$1039,AZ7,$AB$8:$AB$1039,AS10,$R$8:$R$1039,AR10)<=C76) -> TRUE | BA10: =AND(SUMIFS($AN$8:$AN$1039,$O$8:$O$1039,BA7,$AB$8:$AB$1039,AS10,$R$8:$R$1039,AR10)<=C82,SUMIFS($AO$8:$AO$1039,$O$8:$O$1039,BA7,$AB$8:$AB$1039,AS10,$R$8:$R$1039,AR10)<=C88) -> TRUE | BB10: =AND(SUMIFS($AN$8:$AN$1039,$O$8:$O$1039,BB7,$AB$8:$AB$1039,AS10,$R$8:$R$1039,AR10)<=C94,SUMIFS($AO$8:$AO$1039,$O$8:$O$1039,BB7,$AB$8:$AB$1039,AS10,$R$8:$R$1039,AR10)<=C100) -> TRUE
B11: D | C11: 50 | D11: 50 | E11: 35 | O11: Q1’26 | P11: 1 | Q11: 2 | R11: 1 | T11: =(S11+S12+S13)=N2 -> FALSE | X11: =MAX(S8-S11,0) -> 0 | Y11: 0 | AA11: 10 | AB11: F | AC11: F+ | AD11: 25 | AE11: 21 | AF11: 0.8 | AG11: 0.9 | AH11: 0 | AI11: 0 | AJ11: =SUMIFS(AH$8:AH$1039,$O$8:$O$1039,O11,$AB$8:$AB$1039,AB11,$R$8:$R$1039,R11,$AA$8:$AA$1039,"<="&AA11) -> 0 | AK11: =C13 -> 90 | AL11: =C19 -> 0 | AM11: =MAX(0,AJ11-AK11) -> 0 | AN11: =IF(AM11=0,AH11,IF(AM11>=AH11,0,AH11-AM11)) -> 0 | AO11: =IF(AM11>=AH11,AI11,AI11*AM11/AH11) -> 0 | AP11: {=INDEX($AU$8:$BB$25,6*(R11-1)+MATCH(AB11,$AS$8:$AS$13,0),MATCH(O11,$AU$7:$BB$7,0))} -> TRUE | AR11: 1 | AS11: D | AT11: D+ | AU11: =AND(SUMIFS($AN$8:$AN$1039,$O$8:$O$1039,AU7,$AB$8:$AB$1039,AS11,$R$8:$R$1039,AR11)<=C11,SUMIFS($AO$8:$AO$1039,$O$8:$O$1039,AU7,$AB$8:$AB$1039,AS11,$R$8:$R$1039,AR11)<=C17) -> TRUE | AV11: =AND(SUMIFS($AN$8:$AN$1039,$O$8:$O$1039,AV7,$AB$8:$AB$1039,AS11,$R$8:$R$1039,AR11)<=C23,SUMIFS($AO$8:$AO$1039,$O$8:$O$1039,AV7,$AB$8:$AB$1039,AS11,$R$8:$R$1039,AR11)<=C29) -> TRUE | AW11: =AND(SUMIFS($AN$8:$AN$1039,$O$8:$O$1039,AW7,$AB$8:$AB$1039,AS11,$R$8:$R$1039,AR11)<=C35,SUMIFS($AO$8:$AO$1039,$O$8:$O$1039,AW7,$AB$8:$AB$1039,AS11,$R$8:$R$1039,AR11)<=C41) -> TRUE | AX11: =AND(SUMIFS($AN$8:$AN$1039,$O$8:$O$1039,AX7,$AB$8:$AB$1039,AS11,$R$8:$R$1039,AR11)<=C47,SUMIFS($AO$8:$AO$1039,$O$8:$O$1039,AX7,$AB$8:$AB$1039,AS11,$R$8:$R$1039,AR11)<=C53) -> TRUE | AY11: =AND(SUMIFS($AN$8:$AN$1039,$O$8:$O$1039,AY7,$AB$8:$AB$1039,AS11,$R$8:$R$1039,AR11)<=C59,SUMIFS($AO$8:$AO$1039,$O$8:$O$1039,AY7,$AB$8:$AB$1039,AS11,$R$8:$R$1039,AR11)<=C65) -> TRUE | AZ11: =AND(SUMIFS($AN$8:$AN$1039,$O$8:$O$1039,AZ7,$AB$8:$AB$1039,AS11,$R$8:$R$1039,AR11)<=C71,SUMIFS($AO$8:$AO$1039,$O$8:$O$1039,AZ7,$AB$8:$AB$1039,AS11,$R$8:$R$1039,AR11)<=C77) -> TRUE | BA11: =AND(SUMIFS($AN$8:$AN$1039,$O$8:$O$1039,BA7,$AB$8:$AB$1039,AS11,$R$8:$R$1039,AR11)<=C83,SUMIFS($AO$8:$AO$1039,$O$8:$O$1039,BA7,$AB$8:$AB$1039,AS11,$R$8:$R$1039,AR11)<=C89) -> TRUE | BB11: =AND(SUMIFS($AN$8:$AN$1039,$O$8:$O$1039,BB7,$AB$8:$AB$1039,AS11,$R$8:$R$1039,AR11)<=C95,SUMIFS($AO$8:$AO$1039,$O$8:$O$1039,BB7,$AB$8:$AB$1039,AS11,$R$8:$R$1039,AR11)<=C101) -> TRUE
B12: E | C12: 40 | D12: 30 | E12: 16 | O12: Q1’26 | P12: 1 | Q12: 2 | R12: 2 | T12: =(S11+S12+S13)=N2 -> FALSE | X12: =MAX(S9-S12,0) -> 0 | Y12: 0 | AA12: 10 | AB12: F | AC12: F+ | AD12: 25 | AE12: 21 | AF12: 0.8 | AG12: 0.9 | AH12: 0 | AI12: 0 | AJ12: =SUMIFS(AH$8:AH$1039,$O$8:$O$1039,O12,$AB$8:$AB$1039,AB12,$R$8:$R$1039,R12,$AA$8:$AA$1039,"<="&AA12) -> 0 | AK12: =D13 -> 60 | AL12: =D19 -> 0 | AM12: =MAX(0,AJ12-AK12) -> 0 | AN12: =IF(AM12=0,AH12,IF(AM12>=AH12,0,AH12-AM12)) -> 0 | AO12: =IF(AM12>=AH12,AI12,AI12*AM12/AH12) -> 0 | AP12: {=INDEX($AU$8:$BB$25,6*(R12-1)+MATCH(AB12,$AS$8:$AS$13,0),MATCH(O12,$AU$7:$BB$7,0))} -> TRUE | AR12: 1 | AS12: E | AT12: E+ | AU12: =AND(SUMIFS($AN$8:$AN$1039,$O$8:$O$1039,AU7,$AB$8:$AB$1039,AS12,$R$8:$R$1039,AR12)<=C12,SUMIFS($AO$8:$AO$1039,$O$8:$O$1039,AU7,$AB$8:$AB$1039,AS12,$R$8:$R$1039,AR12)<=C18) -> TRUE | AV12: =AND(SUMIFS($AN$8:$AN$1039,$O$8:$O$1039,AV7,$AB$8:$AB$1039,AS12,$R$8:$R$1039,AR12)<=C24,SUMIFS($AO$8:$AO$1039,$O$8:$O$1039,AV7,$AB$8:$AB$1039,AS12,$R$8:$R$1039,AR12)<=C30) -> TRUE | AW12: =AND(SUMIFS($AN$8:$AN$1039,$O$8:$O$1039,AW7,$AB$8:$AB$1039,AS12,$R$8:$R$1039,AR12)<=C36,SUMIFS($AO$8:$AO$1039,$O$8:$O$1039,AW7,$AB$8:$AB$1039,AS12,$R$8:$R$1039,AR12)<=C42) -> TRUE | AX12: =AND(SUMIFS($AN$8:$AN$1039,$O$8:$O$1039,AX7,$AB$8:$AB$1039,AS12,$R$8:$R$1039,AR12)<=C48,SUMIFS($AO$8:$AO$1039,$O$8:$O$1039,AX7,$AB$8:$AB$1039,AS12,$R$8:$R$1039,AR12)<=C54) -> TRUE | AY12: =AND(SUMIFS($AN$8:$AN$1039,$O$8:$O$1039,AY7,$AB$8:$AB$1039,AS12,$R$8:$R$1039,AR12)<=C60,SUMIFS($AO$8:$AO$1039,$O$8:$O$1039,AY7,$AB$8:$AB$1039,AS12,$R$8:$R$1039,AR12)<=C66) -> TRUE | AZ12: =AND(SUMIFS($AN$8:$AN$1039,$O$8:$O$1039,AZ7,$AB$8:$AB$1039,AS12,$R$8:$R$1039,AR12)<=C72,SUMIFS($AO$8:$AO$1039,$O$8:$O$1039,AZ7,$AB$8:$AB$1039,AS12,$R$8:$R$1039,AR12)<=C78) -> TRUE | BA12: =AND(SUMIFS($AN$8:$AN$1039,$O$8:$O$1039,BA7,$AB$8:$AB$1039,AS12,$R$8:$R$1039,AR12)<=C84,SUMIFS($AO$8:$AO$1039,$O$8:$O$1039,BA7,$AB$8:$AB$1039,AS12,$R$8:$R$1039,AR12)<=C90) -> TRUE | BB12: =AND(SUMIFS($AN$8:$AN$1039,$O$8:$O$1039,BB7,$AB$8:$AB$1039,AS12,$R$8:$R$1039,AR12)<=C96,SUMIFS($AO$8:$AO$1039,$O$8:$O$1039,BB7,$AB$8:$AB$1039,AS12,$R$8:$R$1039,AR12)<=C102) -> TRUE
B13: F | C13: 90 | D13: 60 | E13: 36 | O13: Q1’26 | P13: 1 | Q13: 2 | R13: 3 | T13: =(S11+S12+S13)=N2 -> FALSE | X13: =MAX(S10-S13,0) -> 0 | Y13: 0 | AA13: 10 | AB13: F | AC13: F+ | AD13: 25 | AE13: 21 | AF13: 0.8 | AG13: 0.9 | AH13: 0 | AI13: 0 | AJ13: =SUMIFS(AH$8:AH$1039,$O$8:$O$1039,O13,$AB$8:$AB$1039,AB13,$R$8:$R$1039,R13,$AA$8:$AA$1039,"<="&AA13) -> 0 | AK13: =E13 -> 36 | AL13: =E19 -> 0 | AM13: =MAX(0,AJ13-AK13) -> 0 | AN13: =IF(AM13=0,AH13,IF(AM13>=AH13,0,AH13-AM13)) -> 0 | AO13: =IF(AM13>=AH13,AI13,AI13*AM13/AH13) -> 0 | AP13: {=INDEX($AU$8:$BB$25,6*(R13-1)+MATCH(AB13,$AS$8:$AS$13,0),MATCH(O13,$AU$7:$BB$7,0))} -> TRUE | AR13: 1 | AS13: F | AT13: F+ | AU13: =AND(SUMIFS($AN$8:$AN$1039,$O$8:$O$1039,AU7,$AB$8:$AB$1039,AS13,$R$8:$R$1039,AR13)<=C13,SUMIFS($AO$8:$AO$1039,$O$8:$O$1039,AU7,$AB$8:$AB$1039,AS13,$R$8:$R$1039,AR13)<=C19) -> TRUE | AV13: =AND(SUMIFS($AN$8:$AN$1039,$O$8:$O$1039,AV7,$AB$8:$AB$1039,AS13,$R$8:$R$1039,AR13)<=C25,SUMIFS($AO$8:$AO$1039,$O$8:$O$1039,AV7,$AB$8:$AB$1039,AS13,$R$8:$R$1039,AR13)<=C31) -> TRUE | AW13: =AND(SUMIFS($AN$8:$AN$1039,$O$8:$O$1039,AW7,$AB$8:$AB$1039,AS13,$R$8:$R$1039,AR13)<=C37,SUMIFS($AO$8:$AO$1039,$O$8:$O$1039,AW7,$AB$8:$AB$1039,AS13,$R$8:$R$1039,AR13)<=C43) -> TRUE | AX13: =AND(SUMIFS($AN$8:$AN$1039,$O$8:$O$1039,AX7,$AB$8:$AB$1039,AS13,$R$8:$R$1039,AR13)<=C49,SUMIFS($AO$8:$AO$1039,$O$8:$O$1039,AX7,$AB$8:$AB$1039,AS13,$R$8:$R$1039,AR13)<=C55) -> TRUE | AY13: =AND(SUMIFS($AN$8:$AN$1039,$O$8:$O$1039,AY7,$AB$8:$AB$1039,AS13,$R$8:$R$1039,AR13)<=C61,SUMIFS($AO$8:$AO$1039,$O$8:$O$1039,AY7,$AB$8:$AB$1039,AS13,$R$8:$R$1039,AR13)<=C67) -> TRUE | AZ13: =AND(SUMIFS($AN$8:$AN$1039,$O$8:$O$1039,AZ7,$AB$8:$AB$1039,AS13,$R$8:$R$1039,AR13)<=C73,SUMIFS($AO$8:$AO$1039,$O$8:$O$1039,AZ7,$AB$8:$AB$1039,AS13,$R$8:$R$1039,AR13)<=C79) -> TRUE | BA13: =AND(SUMIFS($AN$8:$AN$1039,$O$8:$O$1039,BA7,$AB$8:$AB$1039,AS13,$R$8:$R$1039,AR13)<=C85,SUMIFS($AO$8:$AO$1039,$O$8:$O$1039,BA7,$AB$8:$AB$1039,AS13,$R$8:$R$1039,AR13)<=C91) -> TRUE | BB13: =AND(SUMIFS($AN$8:$AN$1039,$O$8:$O$1039,BB7,$AB$8:$AB$1039,AS13,$R$8:$R$1039,AR13)<=C97,SUMIFS($AO$8:$AO$1039,$O$8:$O$1039,BB7,$AB$8:$AB$1039,AS13,$R$8:$R$1039,AR13)<=C103) -> TRUE
B14: A+ | C14: 0 | D14: 0 | E14: 0 | O14: Q1’26 | P14: 1 | Q14: 3 | R14: 1 | T14: =(S14+S15+S16)=N2 -> FALSE | X14: =MAX(S11-S14,0) -> 0 | Y14: 0 | AA14: 8 | AB14: F | AC14: F+ | AD14: 27 | AE14: 23 | AF14: 0.8 | AG14: 0.9 | AH14: 0 | AI14: 0 | AJ14: =SUMIFS(AH$8:AH$1039,$O$8:$O$1039,O14,$AB$8:$AB$1039,AB14,$R$8:$R$1039,R14,$AA$8:$AA$1039,"<="&AA14) -> 0 | AK14: =C13 -> 90 | AL14: =C19 -> 0 | AM14: =MAX(0,AJ14-AK14) -> 0 | AN14: =IF(AM14=0,AH14,IF(AM14>=AH14,0,AH14-AM14)) -> 0 | AO14: =IF(AM14>=AH14,AI14,AI14*AM14/AH14) -> 0 | AP14: {=INDEX($AU$8:$BB$25,6*(R14-1)+MATCH(AB14,$AS$8:$AS$13,0),MATCH(O14,$AU$7:$BB$7,0))} -> TRUE | AR14: 2 | AS14: A | AT14: A+ | AU14: =AND(SUMIFS($AN$8:$AN$1039,$O$8:$O$1039,AU7,$AB$8:$AB$1039,AS14,$R$8:$R$1039,AR14)<=D8,SUMIFS($AO$8:$AO$1039,$O$8:$O$1039,AU7,$AB$8:$AB$1039,AS14,$R$8:$R$1039,AR14)<=D14) -> TRUE | AV14: =AND(SUMIFS($AN$8:$AN$1039,$O$8:$O$1039,AV7,$AB$8:$AB$1039,AS14,$R$8:$R$1039,AR14)<=D20,SUMIFS($AO$8:$AO$1039,$O$8:$O$1039,AV7,$AB$8:$AB$1039,AS14,$R$8:$R$1039,AR14)<=D26) -> TRUE | AW14: =AND(SUMIFS($AN$8:$AN$1039,$O$8:$O$1039,AW7,$AB$8:$AB$1039,AS14,$R$8:$R$1039,AR14)<=D32,SUMIFS($AO$8:$AO$1039,$O$8:$O$1039,AW7,$AB$8:$AB$1039,AS14,$R$8:$R$1039,AR14)<=D38) -> TRUE | AX14: =AND(SUMIFS($AN$8:$AN$1039,$O$8:$O$1039,AX7,$AB$8:$AB$1039,AS14,$R$8:$R$1039,AR14)<=D44,SUMIFS($AO$8:$AO$1039,$O$8:$O$1039,AX7,$AB$8:$AB$1039,AS14,$R$8:$R$1039,AR14)<=D50) -> TRUE | AY14: =AND(SUMIFS($AN$8:$AN$1039,$O$8:$O$1039,AY7,$AB$8:$AB$1039,AS14,$R$8:$R$1039,AR14)<=D56,SUMIFS($AO$8:$AO$1039,$O$8:$O$1039,AY7,$AB$8:$AB$1039,AS14,$R$8:$R$1039,AR14)<=D62) -> TRUE | AZ14: =AND(SUMIFS($AN$8:$AN$1039,$O$8:$O$1039,AZ7,$AB$8:$AB$1039,AS14,$R$8:$R$1039,AR14)<=D68,SUMIFS($AO$8:$AO$1039,$O$8:$O$1039,AZ7,$AB$8:$AB$1039,AS14,$R$8:$R$1039,AR14)<=D74) -> TRUE | BA14: =AND(SUMIFS($AN$8:$AN$1039,$O$8:$O$1039,BA7,$AB$8:$AB$1039,AS14,$R$8:$R$1039,AR14)<=D80,SUMIFS($AO$8:$AO$1039,$O$8:$O$1039,BA7,$AB$8:$AB$1039,AS14,$R$8:$R$1039,AR14)<=D86) -> TRUE | BB14: =AND(SUMIFS($AN$8:$AN$1039,$O$8:$O$1039,BB7,$AB$8:$AB$1039,AS14,$R$8:$R$1039,AR14)<=D92,SUMIFS($AO$8:$AO$1039,$O$8:$O$1039,BB7,$AB$8:$AB$1039,AS14,$R$8:$R$1039,AR14)<=D98) -> TRUE
B15: B+ | C15: 0 | D15: 0 | E15: 0 | O15: Q1’26 | P15: 1 | Q15: 3 | R15: 2 | T15: =(S14+S15+S16)=N2 -> FALSE | X15: =MAX(S12-S15,0) -> 0 | Y15: 0 | AA15: 8 | AB15: F | AC15: F+ | AD15: 27 | AE15: 23 | AF15: 0.8 | AG15: 0.9 | AH15: 0 | AI15: 0 | AJ15: =SUMIFS(AH$8:AH$1039,$O$8:$O$1039,O15,$AB$8:$AB$1039,AB15,$R$8:$R$1039,R15,$AA$8:$AA$1039,"<="&AA15) -> 0 | AK15: =D13 -> 60 | AL15: =D19 -> 0 | AM15: =MAX(0,AJ15-AK15) -> 0 | AN15: =IF(AM15=0,AH15,IF(AM15>=AH15,0,AH15-AM15)) -> 0 | AO15: =IF(AM15>=AH15,AI15,AI15*AM15/AH15) -> 0 | AP15: {=INDEX($AU$8:$BB$25,6*(R15-1)+MATCH(AB15,$AS$8:$AS$13,0),MATCH(O15,$AU$7:$BB$7,0))} -> TRUE | AR15: 2 | AS15: B | AT15: B+ | AU15: =AND(SUMIFS($AN$8:$AN$1039,$O$8:$O$1039,AU7,$AB$8:$AB$1039,AS15,$R$8:$R$1039,AR15)<=D9,SUMIFS($AO$8:$AO$1039,$O$8:$O$1039,AU7,$AB$8:$AB$1039,AS15,$R$8:$R$1039,AR15)<=D15) -> TRUE | AV15: =AND(SUMIFS($AN$8:$AN$1039,$O$8:$O$1039,AV7,$AB$8:$AB$1039,AS15,$R$8:$R$1039,AR15)<=D21,SUMIFS($AO$8:$AO$1039,$O$8:$O$1039,AV7,$AB$8:$AB$1039,AS15,$R$8:$R$1039,AR15)<=D27) -> TRUE | AW15: =AND(SUMIFS($AN$8:$AN$1039,$O$8:$O$1039,AW7,$AB$8:$AB$1039,AS15,$R$8:$R$1039,AR15)<=D33,SUMIFS($AO$8:$AO$1039,$O$8:$O$1039,AW7,$AB$8:$AB$1039,AS15,$R$8:$R$1039,AR15)<=D39) -> TRUE | AX15: =AND(SUMIFS($AN$8:$AN$1039,$O$8:$O$1039,AX7,$AB$8:$AB$1039,AS15,$R$8:$R$1039,AR15)<=D45,SUMIFS($AO$8:$AO$1039,$O$8:$O$1039,AX7,$AB$8:$AB$1039,AS15,$R$8:$R$1039,AR15)<=D51) -> TRUE | AY15: =AND(SUMIFS($AN$8:$AN$1039,$O$8:$O$1039,AY7,$AB$8:$AB$1039,AS15,$R$8:$R$1039,AR15)<=D57,SUMIFS($AO$8:$AO$1039,$O$8:$O$1039,AY7,$AB$8:$AB$1039,AS15,$R$8:$R$1039,AR15)<=D63) -> TRUE | AZ15: =AND(SUMIFS($AN$8:$AN$1039,$O$8:$O$1039,AZ7,$AB$8:$AB$1039,AS15,$R$8:$R$1039,AR15)<=D69,SUMIFS($AO$8:$AO$1039,$O$8:$O$1039,AZ7,$AB$8:$AB$1039,AS15,$R$8:$R$1039,AR15)<=D75) -> TRUE | BA15: =AND(SUMIFS($AN$8:$AN$1039,$O$8:$O$1039,BA7,$AB$8:$AB$1039,AS15,$R$8:$R$1039,AR15)<=D81,SUMIFS($AO$8:$AO$1039,$O$8:$O$1039,BA7,$AB$8:$AB$1039,AS15,$R$8:$R$1039,AR15)<=D87) -> TRUE | BB15: =AND(SUMIFS($AN$8:$AN$1039,$O$8:$O$1039,BB7,$AB$8:$AB$1039,AS15,$R$8:$R$1039,AR15)<=D93,SUMIFS($AO$8:$AO$1039,$O$8:$O$1039,BB7,$AB$8:$AB$1039,AS15,$R$8:$R$1039,AR15)<=D99) -> TRUE
B16: C+ | C16: 0 | D16: 0 | E16: 0 | O16: Q1’26 | P16: 1 | Q16: 3 | R16: 3 | T16: =(S14+S15+S16)=N2 -> FALSE | X16: =MAX(S13-S16,0) -> 0 | Y16: 0 | AA16: 8 | AB16: F | AC16: F+ | AD16: 27 | AE16: 23 | AF16: 0.8 | AG16: 0.9 | AH16: 0 | AI16: 0 | AJ16: =SUMIFS(AH$8:AH$1039,$O$8:$O$1039,O16,$AB$8:$AB$1039,AB16,$R$8:$R$1039,R16,$AA$8:$AA$1039,"<="&AA16) -> 0 | AK16: =E13 -> 36 | AL16: =E19 -> 0 | AM16: =MAX(0,AJ16-AK16) -> 0 | AN16: =IF(AM16=0,AH16,IF(AM16>=AH16,0,AH16-AM16)) -> 0 | AO16: =IF(AM16>=AH16,AI16,AI16*AM16/AH16) -> 0 | AP16: {=INDEX($AU$8:$BB$25,6*(R16-1)+MATCH(AB16,$AS$8:$AS$13,0),MATCH(O16,$AU$7:$BB$7,0))} -> TRUE | AR16: 2 | AS16: C | AT16: C+ | AU16: =AND(SUMIFS($AN$8:$AN$1039,$O$8:$O$1039,AU7,$AB$8:$AB$1039,AS16,$R$8:$R$1039,AR16)<=D10,SUMIFS($AO$8:$AO$1039,$O$8:$O$1039,AU7,$AB$8:$AB$1039,AS16,$R$8:$R$1039,AR16)<=D16) -> TRUE | AV16: =AND(SUMIFS($AN$8:$AN$1039,$O$8:$O$1039,AV7,$AB$8:$AB$1039,AS16,$R$8:$R$1039,AR16)<=D22,SUMIFS($AO$8:$AO$1039,$O$8:$O$1039,AV7,$AB$8:$AB$1039,AS16,$R$8:$R$1039,AR16)<=D28) -> TRUE | AW16: =AND(SUMIFS($AN$8:$AN$1039,$O$8:$O$1039,AW7,$AB$8:$AB$1039,AS16,$R$8:$R$1039,AR16)<=D34,SUMIFS($AO$8:$AO$1039,$O$8:$O$1039,AW7,$AB$8:$AB$1039,AS16,$R$8:$R$1039,AR16)<=D40) -> TRUE | AX16: =AND(SUMIFS($AN$8:$AN$1039,$O$8:$O$1039,AX7,$AB$8:$AB$1039,AS16,$R$8:$R$1039,AR16)<=D46,SUMIFS($AO$8:$AO$1039,$O$8:$O$1039,AX7,$AB$8:$AB$1039,AS16,$R$8:$R$1039,AR16)<=D52) -> TRUE | AY16: =AND(SUMIFS($AN$8:$AN$1039,$O$8:$O$1039,AY7,$AB$8:$AB$1039,AS16,$R$8:$R$1039,AR16)<=D58,SUMIFS($AO$8:$AO$1039,$O$8:$O$1039,AY7,$AB$8:$AB$1039,AS16,$R$8:$R$1039,AR16)<=D64) -> TRUE | AZ16: =AND(SUMIFS($AN$8:$AN$1039,$O$8:$O$1039,AZ7,$AB$8:$AB$1039,AS16,$R$8:$R$1039,AR16)<=D70,SUMIFS($AO$8:$AO$1039,$O$8:$O$1039,AZ7,$AB$8:$AB$1039,AS16,$R$8:$R$1039,AR16)<=D76) -> TRUE | BA16: =AND(SUMIFS($AN$8:$AN$1039,$O$8:$O$1039,BA7,$AB$8:$AB$1039,AS16,$R$8:$R$1039,AR16)<=D82,SUMIFS($AO$8:$AO$1039,$O$8:$O$1039,BA7,$AB$8:$AB$1039,AS16,$R$8:$R$1039,AR16)<=D88) -> TRUE | BB16: =AND(SUMIFS($AN$8:$AN$1039,$O$8:$O$1039,BB7,$AB$8:$AB$1039,AS16,$R$8:$R$1039,AR16)<=D94,SUMIFS($AO$8:$AO$1039,$O$8:$O$1039,BB7,$AB$8:$AB$1039,AS16,$R$8:$R$1039,AR16)<=D100) -> TRUE
B17: D+ | C17: 0 | D17: 0 | E17: 0 | O17: Q1’26 | P17: 1 | Q17: 4 | R17: 1 | T17: =(S17+S18+S19)=N2 -> FALSE | X17: =MAX(S14-S17,0) -> 0 | Y17: 0 | AA17: 3 | AB17: A | AC17: A+ | AD17: 20 | AE17: 16 | AF17: 0.78 | AG17: 0.84 | AH17: 0 | AI17: 0 | AJ17: =SUMIFS(AH$8:AH$1039,$O$8:$O$1039,O17,$AB$8:$AB$1039,AB17,$R$8:$R$1039,R17,$AA$8:$AA$1039,"<="&AA17) -> 0 | AK17: =C8 -> 50 | AL17: =C14 -> 0 | AM17: =MAX(0,AJ17-AK17) -> 0 | AN17: =IF(AM17=0,AH17,IF(AM17>=AH17,0,AH17-AM17)) -> 0 | AO17: =IF(AM17>=AH17,AI17,AI17*AM17/AH17) -> 0 | AP17: {=INDEX($AU$8:$BB$25,6*(R17-1)+MATCH(AB17,$AS$8:$AS$13,0),MATCH(O17,$AU$7:$BB$7,0))} -> TRUE | AR17: 2 | AS17: D | AT17: D+ | AU17: =AND(SUMIFS($AN$8:$AN$1039,$O$8:$O$1039,AU7,$AB$8:$AB$1039,AS17,$R$8:$R$1039,AR17)<=D11,SUMIFS($AO$8:$AO$1039,$O$8:$O$1039,AU7,$AB$8:$AB$1039,AS17,$R$8:$R$1039,AR17)<=D17) -> TRUE | AV17: =AND(SUMIFS($AN$8:$AN$1039,$O$8:$O$1039,AV7,$AB$8:$AB$1039,AS17,$R$8:$R$1039,AR17)<=D23,SUMIFS($AO$8:$AO$1039,$O$8:$O$1039,AV7,$AB$8:$AB$1039,AS17,$R$8:$R$1039,AR17)<=D29) -> TRUE | AW17: =AND(SUMIFS($AN$8:$AN$1039,$O$8:$O$1039,AW7,$AB$8:$AB$1039,AS17,$R$8:$R$1039,AR17)<=D35,SUMIFS($AO$8:$AO$1039,$O$8:$O$1039,AW7,$AB$8:$AB$1039,AS17,$R$8:$R$1039,AR17)<=D41) -> TRUE | AX17: =AND(SUMIFS($AN$8:$AN$1039,$O$8:$O$1039,AX7,$AB$8:$AB$1039,AS17,$R$8:$R$1039,AR17)<=D47,SUMIFS($AO$8:$AO$1039,$O$8:$O$1039,AX7,$AB$8:$AB$1039,AS17,$R$8:$R$1039,AR17)<=D53) -> TRUE | AY17: =AND(SUMIFS($AN$8:$AN$1039,$O$8:$O$1039,AY7,$AB$8:$AB$1039,AS17,$R$8:$R$1039,AR17)<=D59,SUMIFS($AO$8:$AO$1039,$O$8:$O$1039,AY7,$AB$8:$AB$1039,AS17,$R$8:$R$1039,AR17)<=D65) -> TRUE | AZ17: =AND(SUMIFS($AN$8:$AN$1039,$O$8:$O$1039,AZ7,$AB$8:$AB$1039,AS17,$R$8:$R$1039,AR17)<=D71,SUMIFS($AO$8:$AO$1039,$O$8:$O$1039,AZ7,$AB$8:$AB$1039,AS17,$R$8:$R$1039,AR17)<=D77) -> TRUE | BA17: =AND(SUMIFS($AN$8:$AN$1039,$O$8:$O$1039,BA7,$AB$8:$AB$1039,AS17,$R$8:$R$1039,AR17)<=D83,SUMIFS($AO$8:$AO$1039,$O$8:$O$1039,BA7,$AB$8:$AB$1039,AS17,$R$8:$R$1039,AR17)<=D89) -> TRUE | BB17: =AND(SUMIFS($AN$8:$AN$1039,$O$8:$O$1039,BB7,$AB$8:$AB$1039,AS17,$R$8:$R$1039,AR17)<=D95,SUMIFS($AO$8:$AO$1039,$O$8:$O$1039,BB7,$AB$8:$AB$1039,AS17,$R$8:$R$1039,AR17)<=D101) -> TRUE
B18: E+ | C18: 0 | D18: 0 | E18: 0 | O18: Q1’26 | P18: 1 | Q18: 4 | R18: 2 | T18: =(S17+S18+S19)=N2 -> FALSE | X18: =MAX(S15-S18,0) -> 0 | Y18: 0 | AA18: 3 | AB18: A | AC18: A+ | AD18: 20 | AE18: 16 | AF18: 0.78 | AG18: 0.84 | AH18: 0 | AI18: 0 | AJ18: =SUMIFS(AH$8:AH$1039,$O$8:$O$1039,O18,$AB$8:$AB$1039,AB18,$R$8:$R$1039,R18,$AA$8:$AA$1039,"<="&AA18) -> 0 | AK18: =D8 -> 35 | AL18: =D14 -> 0 | AM18: =MAX(0,AJ18-AK18) -> 0 | AN18: =IF(AM18=0,AH18,IF(AM18>=AH18,0,AH18-AM18)) -> 0 | AO18: =IF(AM18>=AH18,AI18,AI18*AM18/AH18) -> 0 | AP18: {=INDEX($AU$8:$BB$25,6*(R18-1)+MATCH(AB18,$AS$8:$AS$13,0),MATCH(O18,$AU$7:$BB$7,0))} -> TRUE | AR18: 2 | AS18: E | AT18: E+ | AU18: =AND(SUMIFS($AN$8:$AN$1039,$O$8:$O$1039,AU7,$AB$8:$AB$1039,AS18,$R$8:$R$1039,AR18)<=D12,SUMIFS($AO$8:$AO$1039,$O$8:$O$1039,AU7,$AB$8:$AB$1039,AS18,$R$8:$R$1039,AR18)<=D18) -> TRUE | AV18: =AND(SUMIFS($AN$8:$AN$1039,$O$8:$O$1039,AV7,$AB$8:$AB$1039,AS18,$R$8:$R$1039,AR18)<=D24,SUMIFS($AO$8:$AO$1039,$O$8:$O$1039,AV7,$AB$8:$AB$1039,AS18,$R$8:$R$1039,AR18)<=D30) -> TRUE | AW18: =AND(SUMIFS($AN$8:$AN$1039,$O$8:$O$1039,AW7,$AB$8:$AB$1039,AS18,$R$8:$R$1039,AR18)<=D36,SUMIFS($AO$8:$AO$1039,$O$8:$O$1039,AW7,$AB$8:$AB$1039,AS18,$R$8:$R$1039,AR18)<=D42) -> TRUE | AX18: =AND(SUMIFS($AN$8:$AN$1039,$O$8:$O$1039,AX7,$AB$8:$AB$1039,AS18,$R$8:$R$1039,AR18)<=D48,SUMIFS($AO$8:$AO$1039,$O$8:$O$1039,AX7,$AB$8:$AB$1039,AS18,$R$8:$R$1039,AR18)<=D54) -> TRUE | AY18: =AND(SUMIFS($AN$8:$AN$1039,$O$8:$O$1039,AY7,$AB$8:$AB$1039,AS18,$R$8:$R$1039,AR18)<=D60,SUMIFS($AO$8:$AO$1039,$O$8:$O$1039,AY7,$AB$8:$AB$1039,AS18,$R$8:$R$1039,AR18)<=D66) -> TRUE | AZ18: =AND(SUMIFS($AN$8:$AN$1039,$O$8:$O$1039,AZ7,$AB$8:$AB$1039,AS18,$R$8:$R$1039,AR18)<=D72,SUMIFS($AO$8:$AO$1039,$O$8:$O$1039,AZ7,$AB$8:$AB$1039,AS18,$R$8:$R$1039,AR18)<=D78) -> TRUE | BA18: =AND(SUMIFS($AN$8:$AN$1039,$O$8:$O$1039,BA7,$AB$8:$AB$1039,AS18,$R$8:$R$1039,AR18)<=D84,SUMIFS($AO$8:$AO$1039,$O$8:$O$1039,BA7,$AB$8:$AB$1039,AS18,$R$8:$R$1039,AR18)<=D90) -> TRUE | BB18: =AND(SUMIFS($AN$8:$AN$1039,$O$8:$O$1039,BB7,$AB$8:$AB$1039,AS18,$R$8:$R$1039,AR18)<=D96,SUMIFS($AO$8:$AO$1039,$O$8:$O$1039,BB7,$AB$8:$AB$1039,AS18,$R$8:$R$1039,AR18)<=D102) -> TRUE
B19: F+ | C19: 0 | D19: 0 | E19: 0 | F19: Fab 1 space | G19: Fab 2 space | H19: Fab 3 space | O19: Q1’26 | P19: 1 | Q19: 4 | R19: 3 | T19: =(S17+S18+S19)=N2 -> FALSE | X19: =MAX(S16-S19,0) -> 0 | Y19: 0 | AA19: 3 | AB19: A | AC19: A+ | AD19: 20 | AE19: 16 | AF19: 0.78 | AG19: 0.84 | AH19: 0 | AI19: 0 | AJ19: =SUMIFS(AH$8:AH$1039,$O$8:$O$1039,O19,$AB$8:$AB$1039,AB19,$R$8:$R$1039,R19,$AA$8:$AA$1039,"<="&AA19) -> 0 | AK19: =E8 -> 0 | AL19: =E14 -> 0 | AM19: =MAX(0,AJ19-AK19) -> 0 | AN19: =IF(AM19=0,AH19,IF(AM19>=AH19,0,AH19-AM19)) -> 0 | AO19: =IF(AM19>=AH19,AI19,AI19*AM19/AH19) -> 0 | AP19: {=INDEX($AU$8:$BB$25,6*(R19-1)+MATCH(AB19,$AS$8:$AS$13,0),MATCH(O19,$AU$7:$BB$7,0))} -> TRUE | AR19: 2 | AS19: F | AT19: F+ | AU19: =AND(SUMIFS($AN$8:$AN$1039,$O$8:$O$1039,AU7,$AB$8:$AB$1039,AS19,$R$8:$R$1039,AR19)<=D13,SUMIFS($AO$8:$AO$1039,$O$8:$O$1039,AU7,$AB$8:$AB$1039,AS19,$R$8:$R$1039,AR19)<=D19) -> TRUE | AV19: =AND(SUMIFS($AN$8:$AN$1039,$O$8:$O$1039,AV7,$AB$8:$AB$1039,AS19,$R$8:$R$1039,AR19)<=D25,SUMIFS($AO$8:$AO$1039,$O$8:$O$1039,AV7,$AB$8:$AB$1039,AS19,$R$8:$R$1039,AR19)<=D31) -> TRUE | AW19: =AND(SUMIFS($AN$8:$AN$1039,$O$8:$O$1039,AW7,$AB$8:$AB$1039,AS19,$R$8:$R$1039,AR19)<=D37,SUMIFS($AO$8:$AO$1039,$O$8:$O$1039,AW7,$AB$8:$AB$1039,AS19,$R$8:$R$1039,AR19)<=D43) -> TRUE | AX19: =AND(SUMIFS($AN$8:$AN$1039,$O$8:$O$1039,AX7,$AB$8:$AB$1039,AS19,$R$8:$R$1039,AR19)<=D49,SUMIFS($AO$8:$AO$1039,$O$8:$O$1039,AX7,$AB$8:$AB$1039,AS19,$R$8:$R$1039,AR19)<=D55) -> TRUE | AY19: =AND(SUMIFS($AN$8:$AN$1039,$O$8:$O$1039,AY7,$AB$8:$AB$1039,AS19,$R$8:$R$1039,AR19)<=D61,SUMIFS($AO$8:$AO$1039,$O$8:$O$1039,AY7,$AB$8:$AB$1039,AS19,$R$8:$R$1039,AR19)<=D67) -> TRUE | AZ19: =AND(SUMIFS($AN$8:$AN$1039,$O$8:$O$1039,AZ7,$AB$8:$AB$1039,AS19,$R$8:$R$1039,AR19)<=D73,SUMIFS($AO$8:$AO$1039,$O$8:$O$1039,AZ7,$AB$8:$AB$1039,AS19,$R$8:$R$1039,AR19)<=D79) -> TRUE | BA19: =AND(SUMIFS($AN$8:$AN$1039,$O$8:$O$1039,BA7,$AB$8:$AB$1039,AS19,$R$8:$R$1039,AR19)<=D85,SUMIFS($AO$8:$AO$1039,$O$8:$O$1039,BA7,$AB$8:$AB$1039,AS19,$R$8:$R$1039,AR19)<=D91) -> TRUE | BB19: =AND(SUMIFS($AN$8:$AN$1039,$O$8:$O$1039,BB7,$AB$8:$AB$1039,AS19,$R$8:$R$1039,AR19)<=D97,SUMIFS($AO$8:$AO$1039,$O$8:$O$1039,BB7,$AB$8:$AB$1039,AS19,$R$8:$R$1039,AR19)<=D103) -> TRUE
A20: WS Component for Q2’26 | B20: A | F20: {=SUM(C20:C31*data!$B$3:$B$14)} -> 0 | G20: {=SUM(D20:D31*data!$B$3:$B$14)} -> 0 | H20: {=SUM(E20:E31*data!$B$3:$B$14)} -> 0 | I20: <- make sure its green | O20: Q1’26 | P20: 1 | Q20: 5 | R20: 1 | T20: =(S20+S21+S22)=N2 -> FALSE | X20: =MAX(S17-S20,0) -> 0 | Y20: 0 | AA20: 11 | AB20: F | AC20: F+ | AD20: 12 | AE20: 9 | AF20: 0.8 | AG20: 0.9 | AH20: 0 | AI20: 0 | AJ20: =SUMIFS(AH$8:AH$1039,$O$8:$O$1039,O20,$AB$8:$AB$1039,AB20,$R$8:$R$1039,R20,$AA$8:$AA$1039,"<="&AA20) -> 0 | AK20: =C13 -> 90 | AL20: =C19 -> 0 | AM20: =MAX(0,AJ20-AK20) -> 0 | AN20: =IF(AM20=0,AH20,IF(AM20>=AH20,0,AH20-AM20)) -> 0 | AO20: =IF(AM20>=AH20,AI20,AI20*AM20/AH20) -> 0 | AP20: {=INDEX($AU$8:$BB$25,6*(R20-1)+MATCH(AB20,$AS$8:$AS$13,0),MATCH(O20,$AU$7:$BB$7,0))} -> TRUE | AR20: 3 | AS20: A | AT20: A+ | AU20: =AND(SUMIFS($AN$8:$AN$1039,$O$8:$O$1039,AU7,$AB$8:$AB$1039,AS20,$R$8:$R$1039,AR20)<=E8,SUMIFS($AO$8:$AO$1039,$O$8:$O$1039,AU7,$AB$8:$AB$1039,AS20,$R$8:$R$1039,AR20)<=E14) -> TRUE | AV20: =AND(SUMIFS($AN$8:$AN$1039,$O$8:$O$1039,AV7,$AB$8:$AB$1039,AS20,$R$8:$R$1039,AR20)<=E20,SUMIFS($AO$8:$AO$1039,$O$8:$O$1039,AV7,$AB$8:$AB$1039,AS20,$R$8:$R$1039,AR20)<=E26) -> TRUE | AW20: =AND(SUMIFS($AN$8:$AN$1039,$O$8:$O$1039,AW7,$AB$8:$AB$1039,AS20,$R$8:$R$1039,AR20)<=E32,SUMIFS($AO$8:$AO$1039,$O$8:$O$1039,AW7,$AB$8:$AB$1039,AS20,$R$8:$R$1039,AR20)<=E38) -> TRUE | AX20: =AND(SUMIFS($AN$8:$AN$1039,$O$8:$O$1039,AX7,$AB$8:$AB$1039,AS20,$R$8:$R$1039,AR20)<=E44,SUMIFS($AO$8:$AO$1039,$O$8:$O$1039,AX7,$AB$8:$AB$1039,AS20,$R$8:$R$1039,AR20)<=E50) -> TRUE | AY20: =AND(SUMIFS($AN$8:$AN$1039,$O$8:$O$1039,AY7,$AB$8:$AB$1039,AS20,$R$8:$R$1039,AR20)<=E56,SUMIFS($AO$8:$AO$1039,$O$8:$O$1039,AY7,$AB$8:$AB$1039,AS20,$R$8:$R$1039,AR20)<=E62) -> TRUE | AZ20: =AND(SUMIFS($AN$8:$AN$1039,$O$8:$O$1039,AZ7,$AB$8:$AB$1039,AS20,$R$8:$R$1039,AR20)<=E68,SUMIFS($AO$8:$AO$1039,$O$8:$O$1039,AZ7,$AB$8:$AB$1039,AS20,$R$8:$R$1039,AR20)<=E74) -> TRUE | BA20: =AND(SUMIFS($AN$8:$AN$1039,$O$8:$O$1039,BA7,$AB$8:$AB$1039,AS20,$R$8:$R$1039,AR20)<=E80,SUMIFS($AO$8:$AO$1039,$O$8:$O$1039,BA7,$AB$8:$AB$1039,AS20,$R$8:$R$1039,AR20)<=E86) -> TRUE | BB20: =AND(SUMIFS($AN$8:$AN$1039,$O$8:$O$1039,BB7,$AB$8:$AB$1039,AS20,$R$8:$R$1039,AR20)<=E92,SUMIFS($AO$8:$AO$1039,$O$8:$O$1039,BB7,$AB$8:$AB$1039,AS20,$R$8:$R$1039,AR20)<=E98) -> TRUE
B21: B | O21: Q1’26 | P21: 1 | Q21: 5 | R21: 2 | T21: =(S20+S21+S22)=N2 -> FALSE | X21: =MAX(S18-S21,0) -> 0 | Y21: 0 | AA21: 11 | AB21: F | AC21: F+ | AD21: 12 | AE21: 9 | AF21: 0.8 | AG21: 0.9 | AH21: 0 | AI21: 0 | AJ21: =SUMIFS(AH$8:AH$1039,$O$8:$O$1039,O21,$AB$8:$AB$1039,AB21,$R$8:$R$1039,R21,$AA$8:$AA$1039,"<="&AA21) -> 0 | AK21: =D13 -> 60 | AL21: =D19 -> 0 | AM21: =MAX(0,AJ21-AK21) -> 0 | AN21: =IF(AM21=0,AH21,IF(AM21>=AH21,0,AH21-AM21)) -> 0 | AO21: =IF(AM21>=AH21,AI21,AI21*AM21/AH21) -> 0 | AP21: {=INDEX($AU$8:$BB$25,6*(R21-1)+MATCH(AB21,$AS$8:$AS$13,0),MATCH(O21,$AU$7:$BB$7,0))} -> TRUE | AR21: 3 | AS21: B | AT21: B+ | AU21: =AND(SUMIFS($AN$8:$AN$1039,$O$8:$O$1039,AU7,$AB$8:$AB$1039,AS21,$R$8:$R$1039,AR21)<=E9,SUMIFS($AO$8:$AO$1039,$O$8:$O$1039,AU7,$AB$8:$AB$1039,AS21,$R$8:$R$1039,AR21)<=E15) -> TRUE | AV21: =AND(SUMIFS($AN$8:$AN$1039,$O$8:$O$1039,AV7,$AB$8:$AB$1039,AS21,$R$8:$R$1039,AR21)<=E21,SUMIFS($AO$8:$AO$1039,$O$8:$O$1039,AV7,$AB$8:$AB$1039,AS21,$R$8:$R$1039,AR21)<=E27) -> TRUE | AW21: =AND(SUMIFS($AN$8:$AN$1039,$O$8:$O$1039,AW7,$AB$8:$AB$1039,AS21,$R$8:$R$1039,AR21)<=E33,SUMIFS($AO$8:$AO$1039,$O$8:$O$1039,AW7,$AB$8:$AB$1039,AS21,$R$8:$R$1039,AR21)<=E39) -> TRUE | AX21: =AND(SUMIFS($AN$8:$AN$1039,$O$8:$O$1039,AX7,$AB$8:$AB$1039,AS21,$R$8:$R$1039,AR21)<=E45,SUMIFS($AO$8:$AO$1039,$O$8:$O$1039,AX7,$AB$8:$AB$1039,AS21,$R$8:$R$1039,AR21)<=E51) -> TRUE | AY21: =AND(SUMIFS($AN$8:$AN$1039,$O$8:$O$1039,AY7,$AB$8:$AB$1039,AS21,$R$8:$R$1039,AR21)<=E57,SUMIFS($AO$8:$AO$1039,$O$8:$O$1039,AY7,$AB$8:$AB$1039,AS21,$R$8:$R$1039,AR21)<=E63) -> TRUE | AZ21: =AND(SUMIFS($AN$8:$AN$1039,$O$8:$O$1039,AZ7,$AB$8:$AB$1039,AS21,$R$8:$R$1039,AR21)<=E69,SUMIFS($AO$8:$AO$1039,$O$8:$O$1039,AZ7,$AB$8:$AB$1039,AS21,$R$8:$R$1039,AR21)<=E75) -> TRUE | BA21: =AND(SUMIFS($AN$8:$AN$1039,$O$8:$O$1039,BA7,$AB$8:$AB$1039,AS21,$R$8:$R$1039,AR21)<=E81,SUMIFS($AO$8:$AO$1039,$O$8:$O$1039,BA7,$AB$8:$AB$1039,AS21,$R$8:$R$1039,AR21)<=E87) -> TRUE | BB21: =AND(SUMIFS($AN$8:$AN$1039,$O$8:$O$1039,BB7,$AB$8:$AB$1039,AS21,$R$8:$R$1039,AR21)<=E93,SUMIFS($AO$8:$AO$1039,$O$8:$O$1039,BB7,$AB$8:$AB$1039,AS21,$R$8:$R$1039,AR21)<=E99) -> TRUE
B22: C | F22: New tool purchase cost | O22: Q1’26 | P22: 1 | Q22: 5 | R22: 3 | T22: =(S20+S21+S22)=N2 -> FALSE | X22: =MAX(S19-S22,0) -> 0 | Y22: 0 | AA22: 11 | AB22: F | AC22: F+ | AD22: 12 | AE22: 9 | AF22: 0.8 | AG22: 0.9 | AH22: 0 | AI22: 0 | AJ22: =SUMIFS(AH$8:AH$1039,$O$8:$O$1039,O22,$AB$8:$AB$1039,AB22,$R$8:$R$1039,R22,$AA$8:$AA$1039,"<="&AA22) -> 0 | AK22: =E13 -> 36 | AL22: =E19 -> 0 | AM22: =MAX(0,AJ22-AK22) -> 0 | AN22: =IF(AM22=0,AH22,IF(AM22>=AH22,0,AH22-AM22)) -> 0 | AO22: =IF(AM22>=AH22,AI22,AI22*AM22/AH22) -> 0 | AP22: {=INDEX($AU$8:$BB$25,6*(R22-1)+MATCH(AB22,$AS$8:$AS$13,0),MATCH(O22,$AU$7:$BB$7,0))} -> TRUE | AR22: 3 | AS22: C | AT22: C+ | AU22: =AND(SUMIFS($AN$8:$AN$1039,$O$8:$O$1039,AU7,$AB$8:$AB$1039,AS22,$R$8:$R$1039,AR22)<=E10,SUMIFS($AO$8:$AO$1039,$O$8:$O$1039,AU7,$AB$8:$AB$1039,AS22,$R$8:$R$1039,AR22)<=E16) -> TRUE | AV22: =AND(SUMIFS($AN$8:$AN$1039,$O$8:$O$1039,AV7,$AB$8:$AB$1039,AS22,$R$8:$R$1039,AR22)<=E22,SUMIFS($AO$8:$AO$1039,$O$8:$O$1039,AV7,$AB$8:$AB$1039,AS22,$R$8:$R$1039,AR22)<=E28) -> TRUE | AW22: =AND(SUMIFS($AN$8:$AN$1039,$O$8:$O$1039,AW7,$AB$8:$AB$1039,AS22,$R$8:$R$1039,AR22)<=E34,SUMIFS($AO$8:$AO$1039,$O$8:$O$1039,AW7,$AB$8:$AB$1039,AS22,$R$8:$R$1039,AR22)<=E40) -> TRUE | AX22: =AND(SUMIFS($AN$8:$AN$1039,$O$8:$O$1039,AX7,$AB$8:$AB$1039,AS22,$R$8:$R$1039,AR22)<=E46,SUMIFS($AO$8:$AO$1039,$O$8:$O$1039,AX7,$AB$8:$AB$1039,AS22,$R$8:$R$1039,AR22)<=E52) -> TRUE | AY22: =AND(SUMIFS($AN$8:$AN$1039,$O$8:$O$1039,AY7,$AB$8:$AB$1039,AS22,$R$8:$R$1039,AR22)<=E58,SUMIFS($AO$8:$AO$1039,$O$8:$O$1039,AY7,$AB$8:$AB$1039,AS22,$R$8:$R$1039,AR22)<=E64) -> TRUE | AZ22: =AND(SUMIFS($AN$8:$AN$1039,$O$8:$O$1039,AZ7,$AB$8:$AB$1039,AS22,$R$8:$R$1039,AR22)<=E70,SUMIFS($AO$8:$AO$1039,$O$8:$O$1039,AZ7,$AB$8:$AB$1039,AS22,$R$8:$R$1039,AR22)<=E76) -> TRUE | BA22: =AND(SUMIFS($AN$8:$AN$1039,$O$8:$O$1039,BA7,$AB$8:$AB$1039,AS22,$R$8:$R$1039,AR22)<=E82,SUMIFS($AO$8:$AO$1039,$O$8:$O$1039,BA7,$AB$8:$AB$1039,AS22,$R$8:$R$1039,AR22)<=E88) -> TRUE | BB22: =AND(SUMIFS($AN$8:$AN$1039,$O$8:$O$1039,BB7,$AB$8:$AB$1039,AS22,$R$8:$R$1039,AR22)<=E94,SUMIFS($AO$8:$AO$1039,$O$8:$O$1039,BB7,$AB$8:$AB$1039,AS22,$R$8:$R$1039,AR22)<=E100) -> TRUE
B23: D | F23: {=SUM( _xlfn.BYROW( IF(C20:E31-C8:E19>0, C20:E31-C8:E19, 0), _xleta.SUM) *data!$C$3:$C$14 )} -> 0 | O23: Q1’26 | P23: 1 | Q23: 6 | R23: 1 | T23: =(S23+S24+S25)=N2 -> FALSE | X23: =MAX(S20-S23,0) -> 0 | Y23: 0 | AA23: 7 | AB23: D | AC23: D+ | AD23: 27 | AE23: 21 | AF23: 0.8 | AG23: 0.88 | AH23: 0 | AI23: 0 | AJ23: =SUMIFS(AH$8:AH$1039,$O$8:$O$1039,O23,$AB$8:$AB$1039,AB23,$R$8:$R$1039,R23,$AA$8:$AA$1039,"<="&AA23) -> 0 | AK23: =C11 -> 50 | AL23: =C17 -> 0 | AM23: =MAX(0,AJ23-AK23) -> 0 | AN23: =IF(AM23=0,AH23,IF(AM23>=AH23,0,AH23-AM23)) -> 0 | AO23: =IF(AM23>=AH23,AI23,AI23*AM23/AH23) -> 0 | AP23: {=INDEX($AU$8:$BB$25,6*(R23-1)+MATCH(AB23,$AS$8:$AS$13,0),MATCH(O23,$AU$7:$BB$7,0))} -> TRUE | AR23: 3 | AS23: D | AT23: D+ | AU23: =AND(SUMIFS($AN$8:$AN$1039,$O$8:$O$1039,AU7,$AB$8:$AB$1039,AS23,$R$8:$R$1039,AR23)<=E11,SUMIFS($AO$8:$AO$1039,$O$8:$O$1039,AU7,$AB$8:$AB$1039,AS23,$R$8:$R$1039,AR23)<=E17) -> TRUE | AV23: =AND(SUMIFS($AN$8:$AN$1039,$O$8:$O$1039,AV7,$AB$8:$AB$1039,AS23,$R$8:$R$1039,AR23)<=E23,SUMIFS($AO$8:$AO$1039,$O$8:$O$1039,AV7,$AB$8:$AB$1039,AS23,$R$8:$R$1039,AR23)<=E29) -> TRUE | AW23: =AND(SUMIFS($AN$8:$AN$1039,$O$8:$O$1039,AW7,$AB$8:$AB$1039,AS23,$R$8:$R$1039,AR23)<=E35,SUMIFS($AO$8:$AO$1039,$O$8:$O$1039,AW7,$AB$8:$AB$1039,AS23,$R$8:$R$1039,AR23)<=E41) -> TRUE | AX23: =AND(SUMIFS($AN$8:$AN$1039,$O$8:$O$1039,AX7,$AB$8:$AB$1039,AS23,$R$8:$R$1039,AR23)<=E47,SUMIFS($AO$8:$AO$1039,$O$8:$O$1039,AX7,$AB$8:$AB$1039,AS23,$R$8:$R$1039,AR23)<=E53) -> TRUE | AY23: =AND(SUMIFS($AN$8:$AN$1039,$O$8:$O$1039,AY7,$AB$8:$AB$1039,AS23,$R$8:$R$1039,AR23)<=E59,SUMIFS($AO$8:$AO$1039,$O$8:$O$1039,AY7,$AB$8:$AB$1039,AS23,$R$8:$R$1039,AR23)<=E65) -> TRUE | AZ23: =AND(SUMIFS($AN$8:$AN$1039,$O$8:$O$1039,AZ7,$AB$8:$AB$1039,AS23,$R$8:$R$1039,AR23)<=E71,SUMIFS($AO$8:$AO$1039,$O$8:$O$1039,AZ7,$AB$8:$AB$1039,AS23,$R$8:$R$1039,AR23)<=E77) -> TRUE | BA23: =AND(SUMIFS($AN$8:$AN$1039,$O$8:$O$1039,BA7,$AB$8:$AB$1039,AS23,$R$8:$R$1039,AR23)<=E83,SUMIFS($AO$8:$AO$1039,$O$8:$O$1039,BA7,$AB$8:$AB$1039,AS23,$R$8:$R$1039,AR23)<=E89) -> TRUE | BB23: =AND(SUMIFS($AN$8:$AN$1039,$O$8:$O$1039,BB7,$AB$8:$AB$1039,AS23,$R$8:$R$1039,AR23)<=E95,SUMIFS($AO$8:$AO$1039,$O$8:$O$1039,BB7,$AB$8:$AB$1039,AS23,$R$8:$R$1039,AR23)<=E101) -> TRUE
B24: E | F24: Moveout cost | O24: Q1’26 | P24: 1 | Q24: 6 | R24: 2 | T24: =(S23+S24+S25)=N2 -> FALSE | X24: =MAX(S21-S24,0) -> 0 | Y24: 0 | AA24: 7 | AB24: D | AC24: D+ | AD24: 27 | AE24: 21 | AF24: 0.8 | AG24: 0.88 | AH24: 0 | AI24: 0 | AJ24: =SUMIFS(AH$8:AH$1039,$O$8:$O$1039,O24,$AB$8:$AB$1039,AB24,$R$8:$R$1039,R24,$AA$8:$AA$1039,"<="&AA24) -> 0 | AK24: =D11 -> 50 | AL24: =D17 -> 0 | AM24: =MAX(0,AJ24-AK24) -> 0 | AN24: =IF(AM24=0,AH24,IF(AM24>=AH24,0,AH24-AM24)) -> 0 | AO24: =IF(AM24>=AH24,AI24,AI24*AM24/AH24) -> 0 | AP24: {=INDEX($AU$8:$BB$25,6*(R24-1)+MATCH(AB24,$AS$8:$AS$13,0),MATCH(O24,$AU$7:$BB$7,0))} -> TRUE | AR24: 3 | AS24: E | AT24: E+ | AU24: =AND(SUMIFS($AN$8:$AN$1039,$O$8:$O$1039,AU7,$AB$8:$AB$1039,AS24,$R$8:$R$1039,AR24)<=E12,SUMIFS($AO$8:$AO$1039,$O$8:$O$1039,AU7,$AB$8:$AB$1039,AS24,$R$8:$R$1039,AR24)<=E18) -> TRUE | AV24: =AND(SUMIFS($AN$8:$AN$1039,$O$8:$O$1039,AV7,$AB$8:$AB$1039,AS24,$R$8:$R$1039,AR24)<=E24,SUMIFS($AO$8:$AO$1039,$O$8:$O$1039,AV7,$AB$8:$AB$1039,AS24,$R$8:$R$1039,AR24)<=E30) -> TRUE | AW24: =AND(SUMIFS($AN$8:$AN$1039,$O$8:$O$1039,AW7,$AB$8:$AB$1039,AS24,$R$8:$R$1039,AR24)<=E36,SUMIFS($AO$8:$AO$1039,$O$8:$O$1039,AW7,$AB$8:$AB$1039,AS24,$R$8:$R$1039,AR24)<=E42) -> TRUE | AX24: =AND(SUMIFS($AN$8:$AN$1039,$O$8:$O$1039,AX7,$AB$8:$AB$1039,AS24,$R$8:$R$1039,AR24)<=E48,SUMIFS($AO$8:$AO$1039,$O$8:$O$1039,AX7,$AB$8:$AB$1039,AS24,$R$8:$R$1039,AR24)<=E54) -> TRUE | AY24: =AND(SUMIFS($AN$8:$AN$1039,$O$8:$O$1039,AY7,$AB$8:$AB$1039,AS24,$R$8:$R$1039,AR24)<=E60,SUMIFS($AO$8:$AO$1039,$O$8:$O$1039,AY7,$AB$8:$AB$1039,AS24,$R$8:$R$1039,AR24)<=E66) -> TRUE | AZ24: =AND(SUMIFS($AN$8:$AN$1039,$O$8:$O$1039,AZ7,$AB$8:$AB$1039,AS24,$R$8:$R$1039,AR24)<=E72,SUMIFS($AO$8:$AO$1039,$O$8:$O$1039,AZ7,$AB$8:$AB$1039,AS24,$R$8:$R$1039,AR24)<=E78) -> TRUE | BA24: =AND(SUMIFS($AN$8:$AN$1039,$O$8:$O$1039,BA7,$AB$8:$AB$1039,AS24,$R$8:$R$1039,AR24)<=E84,SUMIFS($AO$8:$AO$1039,$O$8:$O$1039,BA7,$AB$8:$AB$1039,AS24,$R$8:$R$1039,AR24)<=E90) -> TRUE | BB24: =AND(SUMIFS($AN$8:$AN$1039,$O$8:$O$1039,BB7,$AB$8:$AB$1039,AS24,$R$8:$R$1039,AR24)<=E96,SUMIFS($AO$8:$AO$1039,$O$8:$O$1039,BB7,$AB$8:$AB$1039,AS24,$R$8:$R$1039,AR24)<=E102) -> TRUE
B25: F | F25: {=SUM( _xlfn.BYROW( IF(C20:E31-C8:E19<0, C20:E31-C8:E19, 0), _xleta.SUM) * -1000000 )} -> 587000000 | O25: Q1’26 | P25: 1 | Q25: 6 | R25: 3 | T25: =(S23+S24+S25)=N2 -> FALSE | X25: =MAX(S22-S25,0) -> 0 | Y25: 0 | AA25: 7 | AB25: D | AC25: D+ | AD25: 27 | AE25: 21 | AF25: 0.8 | AG25: 0.88 | AH25: 0 | AI25: 0 | AJ25: =SUMIFS(AH$8:AH$1039,$O$8:$O$1039,O25,$AB$8:$AB$1039,AB25,$R$8:$R$1039,R25,$AA$8:$AA$1039,"<="&AA25) -> 0 | AK25: =E11 -> 35 | AL25: =E17 -> 0 | AM25: =MAX(0,AJ25-AK25) -> 0 | AN25: =IF(AM25=0,AH25,IF(AM25>=AH25,0,AH25-AM25)) -> 0 | AO25: =IF(AM25>=AH25,AI25,AI25*AM25/AH25) -> 0 | AP25: {=INDEX($AU$8:$BB$25,6*(R25-1)+MATCH(AB25,$AS$8:$AS$13,0),MATCH(O25,$AU$7:$BB$7,0))} -> TRUE | AR25: 3 | AS25: F | AT25: F+ | AU25: =AND(SUMIFS($AN$8:$AN$1039,$O$8:$O$1039,AU7,$AB$8:$AB$1039,AS25,$R$8:$R$1039,AR25)<=E13,SUMIFS($AO$8:$AO$1039,$O$8:$O$1039,AU7,$AB$8:$AB$1039,AS25,$R$8:$R$1039,AR25)<=E19) -> TRUE | AV25: =AND(SUMIFS($AN$8:$AN$1039,$O$8:$O$1039,AV7,$AB$8:$AB$1039,AS25,$R$8:$R$1039,AR25)<=E25,SUMIFS($AO$8:$AO$1039,$O$8:$O$1039,AV7,$AB$8:$AB$1039,AS25,$R$8:$R$1039,AR25)<=E31) -> TRUE | AW25: =AND(SUMIFS($AN$8:$AN$1039,$O$8:$O$1039,AW7,$AB$8:$AB$1039,AS25,$R$8:$R$1039,AR25)<=E37,SUMIFS($AO$8:$AO$1039,$O$8:$O$1039,AW7,$AB$8:$AB$1039,AS25,$R$8:$R$1039,AR25)<=E43) -> TRUE | AX25: =AND(SUMIFS($AN$8:$AN$1039,$O$8:$O$1039,AX7,$AB$8:$AB$1039,AS25,$R$8:$R$1039,AR25)<=E49,SUMIFS($AO$8:$AO$1039,$O$8:$O$1039,AX7,$AB$8:$AB$1039,AS25,$R$8:$R$1039,AR25)<=E55) -> TRUE | AY25: =AND(SUMIFS($AN$8:$AN$1039,$O$8:$O$1039,AY7,$AB$8:$AB$1039,AS25,$R$8:$R$1039,AR25)<=E61,SUMIFS($AO$8:$AO$1039,$O$8:$O$1039,AY7,$AB$8:$AB$1039,AS25,$R$8:$R$1039,AR25)<=E67) -> TRUE | AZ25: =AND(SUMIFS($AN$8:$AN$1039,$O$8:$O$1039,AZ7,$AB$8:$AB$1039,AS25,$R$8:$R$1039,AR25)<=E73,SUMIFS($AO$8:$AO$1039,$O$8:$O$1039,AZ7,$AB$8:$AB$1039,AS25,$R$8:$R$1039,AR25)<=E79) -> TRUE | BA25: =AND(SUMIFS($AN$8:$AN$1039,$O$8:$O$1039,BA7,$AB$8:$AB$1039,AS25,$R$8:$R$1039,AR25)<=E85,SUMIFS($AO$8:$AO$1039,$O$8:$O$1039,BA7,$AB$8:$AB$1039,AS25,$R$8:$R$1039,AR25)<=E91) -> TRUE | BB25: =AND(SUMIFS($AN$8:$AN$1039,$O$8:$O$1039,BB7,$AB$8:$AB$1039,AS25,$R$8:$R$1039,AR25)<=E97,SUMIFS($AO$8:$AO$1039,$O$8:$O$1039,BB7,$AB$8:$AB$1039,AS25,$R$8:$R$1039,AR25)<=E103) -> TRUE
B26: A+ | O26: Q1’26 | P26: 1 | Q26: 7 | R26: 1 | T26: =(S26+S27+S28)=N2 -> FALSE | X26: =MAX(S23-S26,0) -> 0 | Y26: 0 | AA26: 9 | AB26: D | AC26: D+ | AD26: 17 | AE26: 13 | AF26: 0.8 | AG26: 0.88 | AH26: 0 | AI26: 0 | AJ26: =SUMIFS(AH$8:AH$1039,$O$8:$O$1039,O26,$AB$8:$AB$1039,AB26,$R$8:$R$1039,R26,$AA$8:$AA$1039,"<="&AA26) -> 0 | AK26: =C11 -> 50 | AL26: =C17 -> 0 | AM26: =MAX(0,AJ26-AK26) -> 0 | AN26: =IF(AM26=0,AH26,IF(AM26>=AH26,0,AH26-AM26)) -> 0 | AO26: =IF(AM26>=AH26,AI26,AI26*AM26/AH26) -> 0 | AP26: {=INDEX($AU$8:$BB$25,6*(R26-1)+MATCH(AB26,$AS$8:$AS$13,0),MATCH(O26,$AU$7:$BB$7,0))} -> TRUE
B27: B+ | O27: Q1’26 | P27: 1 | Q27: 7 | R27: 2 | T27: =(S26+S27+S28)=N2 -> FALSE | X27: =MAX(S24-S27,0) -> 0 | Y27: 0 | AA27: 9 | AB27: D | AC27: D+ | AD27: 17 | AE27: 13 | AF27: 0.8 | AG27: 0.88 | AH27: 0 | AI27: 0 | AJ27: =SUMIFS(AH$8:AH$1039,$O$8:$O$1039,O27,$AB$8:$AB$1039,AB27,$R$8:$R$1039,R27,$AA$8:$AA$1039,"<="&AA27) -> 0 | AK27: =D11 -> 50 | AL27: =D17 -> 0 | AM27: =MAX(0,AJ27-AK27) -> 0 | AN27: =IF(AM27=0,AH27,IF(AM27>=AH27,0,AH27-AM27)) -> 0 | AO27: =IF(AM27>=AH27,AI27,AI27*AM27/AH27) -> 0 | AP27: {=INDEX($AU$8:$BB$25,6*(R27-1)+MATCH(AB27,$AS$8:$AS$13,0),MATCH(O27,$AU$7:$BB$7,0))} -> TRUE
B28: C+ | J28: =4/16 -> 0.25 | O28: Q1’26 | P28: 1 | Q28: 7 | R28: 3 | T28: =(S26+S27+S28)=N2 -> FALSE | X28: =MAX(S25-S28,0) -> 0 | Y28: 0 | AA28: 9 | AB28: D | AC28: D+ | AD28: 17 | AE28: 13 | AF28: 0.8 | AG28: 0.88 | AH28: 0 | AI28: 0 | AJ28: =SUMIFS(AH$8:AH$1039,$O$8:$O$1039,O28,$AB$8:$AB$1039,AB28,$R$8:$R$1039,R28,$AA$8:$AA$1039,"<="&AA28) -> 0 | AK28: =E11 -> 35 | AL28: =E17 -> 0 | AM28: =MAX(0,AJ28-AK28) -> 0 | AN28: =IF(AM28=0,AH28,IF(AM28>=AH28,0,AH28-AM28)) -> 0 | AO28: =IF(AM28>=AH28,AI28,AI28*AM28/AH28) -> 0 | AP28: {=INDEX($AU$8:$BB$25,6*(R28-1)+MATCH(AB28,$AS$8:$AS$13,0),MATCH(O28,$AU$7:$BB$7,0))} -> TRUE
B29: D+ | O29: Q1’26 | P29: 1 | Q29: 8 | R29: 1 | T29: =(S29+S30+S31)=N2 -> FALSE | X29: =MAX(S26-S29,0) -> 0 | Y29: 0 | AA29: 1 | AB29: A | AC29: A+ | AD29: 18 | AE29: 16 | AF29: 0.78 | AG29: 0.84 | AH29: 0 | AI29: 0 | AJ29: =SUMIFS(AH$8:AH$1039,$O$8:$O$1039,O29,$AB$8:$AB$1039,AB29,$R$8:$R$1039,R29,$AA$8:$AA$1039,"<="&AA29) -> 0 | AK29: =C8 -> 50 | AL29: =C14 -> 0 | AM29: =MAX(0,AJ29-AK29) -> 0 | AN29: =IF(AM29=0,AH29,IF(AM29>=AH29,0,AH29-AM29)) -> 0 | AO29: =IF(AM29>=AH29,AI29,AI29*AM29/AH29) -> 0 | AP29: {=INDEX($AU$8:$BB$25,6*(R29-1)+MATCH(AB29,$AS$8:$AS$13,0),MATCH(O29,$AU$7:$BB$7,0))} -> TRUE
B30: E+ | O30: Q1’26 | P30: 1 | Q30: 8 | R30: 2 | T30: =(S29+S30+S31)=N2 -> FALSE | X30: =MAX(S27-S30,0) -> 0 | Y30: 0 | AA30: 1 | AB30: A | AC30: A+ | AD30: 18 | AE30: 16 | AF30: 0.78 | AG30: 0.84 | AH30: 0 | AI30: 0 | AJ30: =SUMIFS(AH$8:AH$1039,$O$8:$O$1039,O30,$AB$8:$AB$1039,AB30,$R$8:$R$1039,R30,$AA$8:$AA$1039,"<="&AA30) -> 0 | AK30: =D8 -> 35 | AL30: =D14 -> 0 | AM30: =MAX(0,AJ30-AK30) -> 0 | AN30: =IF(AM30=0,AH30,IF(AM30>=AH30,0,AH30-AM30)) -> 0 | AO30: =IF(AM30>=AH30,AI30,AI30*AM30/AH30) -> 0 | AP30: {=INDEX($AU$8:$BB$25,6*(R30-1)+MATCH(AB30,$AS$8:$AS$13,0),MATCH(O30,$AU$7:$BB$7,0))} -> TRUE
B31: F+ | F31: Fab 1 space | G31: Fab 2 space | H31: Fab 3 space | O31: Q1’26 | P31: 1 | Q31: 8 | R31: 3 | T31: =(S29+S30+S31)=N2 -> FALSE | X31: =MAX(S28-S31,0) -> 0 | Y31: 0 | AA31: 1 | AB31: A | AC31: A+ | AD31: 18 | AE31: 16 | AF31: 0.78 | AG31: 0.84 | AH31: 0 | AI31: 0 | AJ31: =SUMIFS(AH$8:AH$1039,$O$8:$O$1039,O31,$AB$8:$AB$1039,AB31,$R$8:$R$1039,R31,$AA$8:$AA$1039,"<="&AA31) -> 0 | AK31: =E8 -> 0 | AL31: =E14 -> 0 | AM31: =MAX(0,AJ31-AK31) -> 0 | AN31: =IF(AM31=0,AH31,IF(AM31>=AH31,0,AH31-AM31)) -> 0 | AO31: =IF(AM31>=AH31,AI31,AI31*AM31/AH31) -> 0 | AP31: {=INDEX($AU$8:$BB$25,6*(R31-1)+MATCH(AB31,$AS$8:$AS$13,0),MATCH(O31,$AU$7:$BB$7,0))} -> TRUE
A32: WS Component for Q3’26 | B32: A | F32: {=SUM(C32:C43*data!$B$3:$B$14)} -> 0 | G32: {=SUM(D32:D43*data!$B$3:$B$14)} -> 0 | H32: {=SUM(E32:E43*data!$B$3:$B$14)} -> 0 | I32: <- make sure its green | O32: Q1’26 | P32: 1 | Q32: 9 | R32: 1 | T32: =(S32+S33+S34)=N2 -> FALSE | X32: =MAX(S29-S32,0) -> 0 | Y32: 0 | AA32: 2 | AB32: A | AC32: A+ | AD32: 16 | AE32: 13 | AF32: 0.78 | AG32: 0.84 | AH32: 0 | AI32: 0 | AJ32: =SUMIFS(AH$8:AH$1039,$O$8:$O$1039,O32,$AB$8:$AB$1039,AB32,$R$8:$R$1039,R32,$AA$8:$AA$1039,"<="&AA32) -> 0 | AK32: =C8 -> 50 | AL32: =C14 -> 0 | AM32: =MAX(0,AJ32-AK32) -> 0 | AN32: =IF(AM32=0,AH32,IF(AM32>=AH32,0,AH32-AM32)) -> 0 | AO32: =IF(AM32>=AH32,AI32,AI32*AM32/AH32) -> 0 | AP32: {=INDEX($AU$8:$BB$25,6*(R32-1)+MATCH(AB32,$AS$8:$AS$13,0),MATCH(O32,$AU$7:$BB$7,0))} -> TRUE
B33: B | O33: Q1’26 | P33: 1 | Q33: 9 | R33: 2 | T33: =(S32+S33+S34)=N2 -> FALSE | X33: =MAX(S30-S33,0) -> 0 | Y33: 0 | AA33: 2 | AB33: A | AC33: A+ | AD33: 16 | AE33: 13 | AF33: 0.78 | AG33: 0.84 | AH33: 0 | AI33: 0 | AJ33: =SUMIFS(AH$8:AH$1039,$O$8:$O$1039,O33,$AB$8:$AB$1039,AB33,$R$8:$R$1039,R33,$AA$8:$AA$1039,"<="&AA33) -> 0 | AK33: =D8 -> 35 | AL33: =D14 -> 0 | AM33: =MAX(0,AJ33-AK33) -> 0 | AN33: =IF(AM33=0,AH33,IF(AM33>=AH33,0,AH33-AM33)) -> 0 | AO33: =IF(AM33>=AH33,AI33,AI33*AM33/AH33) -> 0 | AP33: {=INDEX($AU$8:$BB$25,6*(R33-1)+MATCH(AB33,$AS$8:$AS$13,0),MATCH(O33,$AU$7:$BB$7,0))} -> TRUE
B34: C | F34: New tool purchase cost | O34: Q1’26 | P34: 1 | Q34: 9 | R34: 3 | T34: =(S32+S33+S34)=N2 -> FALSE | X34: =MAX(S31-S34,0) -> 0 | Y34: 0 | AA34: 2 | AB34: A | AC34: A+ | AD34: 16 | AE34: 13 | AF34: 0.78 | AG34: 0.84 | AH34: 0 | AI34: 0 | AJ34: =SUMIFS(AH$8:AH$1039,$O$8:$O$1039,O34,$AB$8:$AB$1039,AB34,$R$8:$R$1039,R34,$AA$8:$AA$1039,"<="&AA34) -> 0 | AK34: =E8 -> 0 | AL34: =E14 -> 0 | AM34: =MAX(0,AJ34-AK34) -> 0 | AN34: =IF(AM34=0,AH34,IF(AM34>=AH34,0,AH34-AM34)) -> 0 | AO34: =IF(AM34>=AH34,AI34,AI34*AM34/AH34) -> 0 | AP34: {=INDEX($AU$8:$BB$25,6*(R34-1)+MATCH(AB34,$AS$8:$AS$13,0),MATCH(O34,$AU$7:$BB$7,0))} -> TRUE
B35: D | F35: {=SUM( _xlfn.BYROW( IF(C32:E43-C20:E31>0, C32:E43-C20:E31, 0), _xleta.SUM) *data!$C$3:$C$14 )} -> 0 | O35: Q1’26 | P35: 1 | Q35: 10 | R35: 1 | T35: =(S35+S36+S37)=N2 -> FALSE | X35: =MAX(S32-S35,0) -> 0 | Y35: 0 | AA35: 6 | AB35: D | AC35: D+ | AD35: 14 | AE35: 11 | AF35: 0.8 | AG35: 0.88 | AH35: 0 | AI35: 0 | AJ35: =SUMIFS(AH$8:AH$1039,$O$8:$O$1039,O35,$AB$8:$AB$1039,AB35,$R$8:$R$1039,R35,$AA$8:$AA$1039,"<="&AA35) -> 0 | AK35: =C11 -> 50 | AL35: =C17 -> 0 | AM35: =MAX(0,AJ35-AK35) -> 0 | AN35: =IF(AM35=0,AH35,IF(AM35>=AH35,0,AH35-AM35)) -> 0 | AO35: =IF(AM35>=AH35,AI35,AI35*AM35/AH35) -> 0 | AP35: {=INDEX($AU$8:$BB$25,6*(R35-1)+MATCH(AB35,$AS$8:$AS$13,0),MATCH(O35,$AU$7:$BB$7,0))} -> TRUE
B36: E | F36: Moveout cost | O36: Q1’26 | P36: 1 | Q36: 10 | R36: 2 | T36: =(S35+S36+S37)=N2 -> FALSE | X36: =MAX(S33-S36,0) -> 0 | Y36: 0 | AA36: 6 | AB36: D | AC36: D+ | AD36: 14 | AE36: 11 | AF36: 0.8 | AG36: 0.88 | AH36: 0 | AI36: 0 | AJ36: =SUMIFS(AH$8:AH$1039,$O$8:$O$1039,O36,$AB$8:$AB$1039,AB36,$R$8:$R$1039,R36,$AA$8:$AA$1039,"<="&AA36) -> 0 | AK36: =D11 -> 50 | AL36: =D17 -> 0 | AM36: =MAX(0,AJ36-AK36) -> 0 | AN36: =IF(AM36=0,AH36,IF(AM36>=AH36,0,AH36-AM36)) -> 0 | AO36: =IF(AM36>=AH36,AI36,AI36*AM36/AH36) -> 0 | AP36: {=INDEX($AU$8:$BB$25,6*(R36-1)+MATCH(AB36,$AS$8:$AS$13,0),MATCH(O36,$AU$7:$BB$7,0))} -> TRUE
B37: F | F37: {=SUM( _xlfn.BYROW( IF(C32:E43-C20:E31<0, C32:E43-C20:E31, 0), _xleta.SUM) * -1000000 )} -> 0 | O37: Q1’26 | P37: 1 | Q37: 10 | R37: 3 | T37: =(S35+S36+S37)=N2 -> FALSE | X37: =MAX(S34-S37,0) -> 0 | Y37: 0 | AA37: 6 | AB37: D | AC37: D+ | AD37: 14 | AE37: 11 | AF37: 0.8 | AG37: 0.88 | AH37: 0 | AI37: 0 | AJ37: =SUMIFS(AH$8:AH$1039,$O$8:$O$1039,O37,$AB$8:$AB$1039,AB37,$R$8:$R$1039,R37,$AA$8:$AA$1039,"<="&AA37) -> 0 | AK37: =E11 -> 35 | AL37: =E17 -> 0 | AM37: =MAX(0,AJ37-AK37) -> 0 | AN37: =IF(AM37=0,AH37,IF(AM37>=AH37,0,AH37-AM37)) -> 0 | AO37: =IF(AM37>=AH37,AI37,AI37*AM37/AH37) -> 0 | AP37: {=INDEX($AU$8:$BB$25,6*(R37-1)+MATCH(AB37,$AS$8:$AS$13,0),MATCH(O37,$AU$7:$BB$7,0))} -> TRUE
B38: A+ | O38: Q1’26 | P38: 1 | Q38: 11 | R38: 1 | T38: =(S38+S39+S40)=N2 -> FALSE | X38: =MAX(S35-S38,0) -> 0 | Y38: 0 | AA38: 3 | AB38: F | AC38: F+ | AD38: 18 | AE38: 16 | AF38: 0.8 | AG38: 0.9 | AH38: 0 | AI38: 0 | AJ38: =SUMIFS(AH$8:AH$1039,$O$8:$O$1039,O38,$AB$8:$AB$1039,AB38,$R$8:$R$1039,R38,$AA$8:$AA$1039,"<="&AA38) -> 0 | AK38: =C13 -> 90 | AL38: =C19 -> 0 | AM38: =MAX(0,AJ38-AK38) -> 0 | AN38: =IF(AM38=0,AH38,IF(AM38>=AH38,0,AH38-AM38)) -> 0 | AO38: =IF(AM38>=AH38,AI38,AI38*AM38/AH38) -> 0 | AP38: {=INDEX($AU$8:$BB$25,6*(R38-1)+MATCH(AB38,$AS$8:$AS$13,0),MATCH(O38,$AU$7:$BB$7,0))} -> TRUE
B39: B+ | O39: Q1’26 | P39: 1 | Q39: 11 | R39: 2 | T39: =(S38+S39+S40)=N2 -> FALSE | X39: =MAX(S36-S39,0) -> 0 | Y39: 0 | AA39: 3 | AB39: F | AC39: F+ | AD39: 18 | AE39: 16 | AF39: 0.8 | AG39: 0.9 | AH39: 0 | AI39: 0 | AJ39: =SUMIFS(AH$8:AH$1039,$O$8:$O$1039,O39,$AB$8:$AB$1039,AB39,$R$8:$R$1039,R39,$AA$8:$AA$1039,"<="&AA39) -> 0 | AK39: =D13 -> 60 | AL39: =D19 -> 0 | AM39: =MAX(0,AJ39-AK39) -> 0 | AN39: =IF(AM39=0,AH39,IF(AM39>=AH39,0,AH39-AM39)) -> 0 | AO39: =IF(AM39>=AH39,AI39,AI39*AM39/AH39) -> 0 | AP39: {=INDEX($AU$8:$BB$25,6*(R39-1)+MATCH(AB39,$AS$8:$AS$13,0),MATCH(O39,$AU$7:$BB$7,0))} -> TRUE
B40: C+ | O40: Q1’26 | P40: 1 | Q40: 11 | R40: 3 | T40: =(S38+S39+S40)=N2 -> FALSE | X40: =MAX(S37-S40,0) -> 0 | Y40: 0 | AA40: 3 | AB40: F | AC40: F+ | AD40: 18 | AE40: 16 | AF40: 0.8 | AG40: 0.9 | AH40: 0 | AI40: 0 | AJ40: =SUMIFS(AH$8:AH$1039,$O$8:$O$1039,O40,$AB$8:$AB$1039,AB40,$R$8:$R$1039,R40,$AA$8:$AA$1039,"<="&AA40) -> 0 | AK40: =E13 -> 36 | AL40: =E19 -> 0 | AM40: =MAX(0,AJ40-AK40) -> 0 | AN40: =IF(AM40=0,AH40,IF(AM40>=AH40,0,AH40-AM40)) -> 0 | AO40: =IF(AM40>=AH40,AI40,AI40*AM40/AH40) -> 0 | AP40: {=INDEX($AU$8:$BB$25,6*(R40-1)+MATCH(AB40,$AS$8:$AS$13,0),MATCH(O40,$AU$7:$BB$7,0))} -> TRUE
B41: D+ | O41: Q1’26 | P41: 2 | Q41: 1 | R41: 1 | T41: =(S41+S42+S43)=N3 -> FALSE | X41: 0 | Y41: 0 | AA41: 9 | AB41: F | AC41: F+ | AD41: 19 | AE41: 16 | AF41: 0.8 | AG41: 0.9 | AH41: 0 | AI41: 0 | AJ41: =SUMIFS(AH$8:AH$1039,$O$8:$O$1039,O41,$AB$8:$AB$1039,AB41,$R$8:$R$1039,R41,$AA$8:$AA$1039,"<="&AA41) -> 0 | AK41: =C13 -> 90 | AL41: =C19 -> 0 | AM41: =MAX(0,AJ41-AK41) -> 0 | AN41: =IF(AM41=0,AH41,IF(AM41>=AH41,0,AH41-AM41)) -> 0 | AO41: =IF(AM41>=AH41,AI41,AI41*AM41/AH41) -> 0 | AP41: {=INDEX($AU$8:$BB$25,6*(R41-1)+MATCH(AB41,$AS$8:$AS$13,0),MATCH(O41,$AU$7:$BB$7,0))} -> TRUE
B42: E+ | O42: Q1’26 | P42: 2 | Q42: 1 | R42: 2 | T42: =(S41+S42+S43)=N3 -> FALSE | X42: 0 | Y42: 0 | AA42: 9 | AB42: F | AC42: F+ | AD42: 19 | AE42: 16 | AF42: 0.8 | AG42: 0.9 | AH42: 0 | AI42: 0 | AJ42: =SUMIFS(AH$8:AH$1039,$O$8:$O$1039,O42,$AB$8:$AB$1039,AB42,$R$8:$R$1039,R42,$AA$8:$AA$1039,"<="&AA42) -> 0 | AK42: =D13 -> 60 | AL42: =D19 -> 0 | AM42: =MAX(0,AJ42-AK42) -> 0 | AN42: =IF(AM42=0,AH42,IF(AM42>=AH42,0,AH42-AM42)) -> 0 | AO42: =IF(AM42>=AH42,AI42,AI42*AM42/AH42) -> 0 | AP42: {=INDEX($AU$8:$BB$25,6*(R42-1)+MATCH(AB42,$AS$8:$AS$13,0),MATCH(O42,$AU$7:$BB$7,0))} -> TRUE
B43: F+ | F43: Fab 1 space | G43: Fab 2 space | H43: Fab 3 space | O43: Q1’26 | P43: 2 | Q43: 1 | R43: 3 | T43: =(S41+S42+S43)=N3 -> FALSE | X43: 0 | Y43: 0 | AA43: 9 | AB43: F | AC43: F+ | AD43: 19 | AE43: 16 | AF43: 0.8 | AG43: 0.9 | AH43: 0 | AI43: 0 | AJ43: =SUMIFS(AH$8:AH$1039,$O$8:$O$1039,O43,$AB$8:$AB$1039,AB43,$R$8:$R$1039,R43,$AA$8:$AA$1039,"<="&AA43) -> 0 | AK43: =E13 -> 36 | AL43: =E19 -> 0 | AM43: =MAX(0,AJ43-AK43) -> 0 | AN43: =IF(AM43=0,AH43,IF(AM43>=AH43,0,AH43-AM43)) -> 0 | AO43: =IF(AM43>=AH43,AI43,AI43*AM43/AH43) -> 0 | AP43: {=INDEX($AU$8:$BB$25,6*(R43-1)+MATCH(AB43,$AS$8:$AS$13,0),MATCH(O43,$AU$7:$BB$7,0))} -> TRUE
A44: WS Component for Q4’26 | B44: A | F44: {=SUM(C44:C55*data!$B$3:$B$14)} -> 0 | G44: {=SUM(D44:D55*data!$B$3:$B$14)} -> 0 | H44: {=SUM(E44:E55*data!$B$3:$B$14)} -> 0 | I44: <- make sure its green | O44: Q1’26 | P44: 2 | Q44: 2 | R44: 1 | T44: =(S44+S45+S46)=N3 -> FALSE | X44: =MAX(S41-S44,0) -> 0 | Y44: 0 | AA44: 1 | AB44: B | AC44: B+ | AD44: 20 | AE44: 18 | AF44: 0.76 | AG44: 0.81 | AH44: 0 | AI44: 0 | AJ44: =SUMIFS(AH$8:AH$1039,$O$8:$O$1039,O44,$AB$8:$AB$1039,AB44,$R$8:$R$1039,R44,$AA$8:$AA$1039,"<="&AA44) -> 0 | AK44: =C9 -> 25 | AL44: =C15 -> 0 | AM44: =MAX(0,AJ44-AK44) -> 0 | AN44: =IF(AM44=0,AH44,IF(AM44>=AH44,0,AH44-AM44)) -> 0 | AO44: =IF(AM44>=AH44,AI44,AI44*AM44/AH44) -> 0 | AP44: {=INDEX($AU$8:$BB$25,6*(R44-1)+MATCH(AB44,$AS$8:$AS$13,0),MATCH(O44,$AU$7:$BB$7,0))} -> TRUE
B45: B | O45: Q1’26 | P45: 2 | Q45: 2 | R45: 2 | T45: =(S44+S45+S46)=N3 -> FALSE | X45: =MAX(S42-S45,0) -> 0 | Y45: 0 | AA45: 1 | AB45: B | AC45: B+ | AD45: 20 | AE45: 18 | AF45: 0.76 | AG45: 0.81 | AH45: 0 | AI45: 0 | AJ45: =SUMIFS(AH$8:AH$1039,$O$8:$O$1039,O45,$AB$8:$AB$1039,AB45,$R$8:$R$1039,R45,$AA$8:$AA$1039,"<="&AA45) -> 0 | AK45: =D9 -> 30 | AL45: =D15 -> 0 | AM45: =MAX(0,AJ45-AK45) -> 0 | AN45: =IF(AM45=0,AH45,IF(AM45>=AH45,0,AH45-AM45)) -> 0 | AO45: =IF(AM45>=AH45,AI45,AI45*AM45/AH45) -> 0 | AP45: {=INDEX($AU$8:$BB$25,6*(R45-1)+MATCH(AB45,$AS$8:$AS$13,0),MATCH(O45,$AU$7:$BB$7,0))} -> TRUE
B46: C | F46: New tool purchase cost | O46: Q1’26 | P46: 2 | Q46: 2 | R46: 3 | T46: =(S44+S45+S46)=N3 -> FALSE | X46: =MAX(S43-S46,0) -> 0 | Y46: 0 | AA46: 1 | AB46: B | AC46: B+ | AD46: 20 | AE46: 18 | AF46: 0.76 | AG46: 0.81 | AH46: 0 | AI46: 0 | AJ46: =SUMIFS(AH$8:AH$1039,$O$8:$O$1039,O46,$AB$8:$AB$1039,AB46,$R$8:$R$1039,R46,$AA$8:$AA$1039,"<="&AA46) -> 0 | AK46: =E9 -> 0 | AL46: =E15 -> 0 | AM46: =MAX(0,AJ46-AK46) -> 0 | AN46: =IF(AM46=0,AH46,IF(AM46>=AH46,0,AH46-AM46)) -> 0 | AO46: =IF(AM46>=AH46,AI46,AI46*AM46/AH46) -> 0 | AP46: {=INDEX($AU$8:$BB$25,6*(R46-1)+MATCH(AB46,$AS$8:$AS$13,0),MATCH(O46,$AU$7:$BB$7,0))} -> TRUE
B47: D | F47: {=SUM( _xlfn.BYROW( IF(C44:E55-C32:E43>0, C44:E55-C32:E43, 0), _xleta.SUM) *data!$C$3:$C$14 )} -> 0 | O47: Q1’26 | P47: 2 | Q47: 3 | R47: 1 | T47: =(S47+S48+S49)=N3 -> FALSE | X47: =MAX(S44-S47,0) -> 0 | Y47: 0 | AA47: 11 | AB47: E | AC47: E+ | AD47: 10 | AE47: 7 | AF47: 0.76 | AG47: 0.84 | AH47: 0 | AI47: 0 | AJ47: =SUMIFS(AH$8:AH$1039,$O$8:$O$1039,O47,$AB$8:$AB$1039,AB47,$R$8:$R$1039,R47,$AA$8:$AA$1039,"<="&AA47) -> 0 | AK47: =C12 -> 40 | AL47: =C18 -> 0 | AM47: =MAX(0,AJ47-AK47) -> 0 | AN47: =IF(AM47=0,AH47,IF(AM47>=AH47,0,AH47-AM47)) -> 0 | AO47: =IF(AM47>=AH47,AI47,AI47*AM47/AH47) -> 0 | AP47: {=INDEX($AU$8:$BB$25,6*(R47-1)+MATCH(AB47,$AS$8:$AS$13,0),MATCH(O47,$AU$7:$BB$7,0))} -> TRUE
B48: E | F48: Moveout cost | O48: Q1’26 | P48: 2 | Q48: 3 | R48: 2 | T48: =(S47+S48+S49)=N3 -> FALSE | X48: =MAX(S45-S48,0) -> 0 | Y48: 0 | AA48: 11 | AB48: E | AC48: E+ | AD48: 10 | AE48: 7 | AF48: 0.76 | AG48: 0.84 | AH48: 0 | AI48: 0 | AJ48: =SUMIFS(AH$8:AH$1039,$O$8:$O$1039,O48,$AB$8:$AB$1039,AB48,$R$8:$R$1039,R48,$AA$8:$AA$1039,"<="&AA48) -> 0 | AK48: =D12 -> 30 | AL48: =D18 -> 0 | AM48: =MAX(0,AJ48-AK48) -> 0 | AN48: =IF(AM48=0,AH48,IF(AM48>=AH48,0,AH48-AM48)) -> 0 | AO48: =IF(AM48>=AH48,AI48,AI48*AM48/AH48) -> 0 | AP48: {=INDEX($AU$8:$BB$25,6*(R48-1)+MATCH(AB48,$AS$8:$AS$13,0),MATCH(O48,$AU$7:$BB$7,0))} -> TRUE
B49: F | F49: {=SUM( _xlfn.BYROW( IF(C44:E55-C32:E43<0, C44:E55-C32:E43, 0), _xleta.SUM) * -1000000 )} -> 0 | O49: Q1’26 | P49: 2 | Q49: 3 | R49: 3 | T49: =(S47+S48+S49)=N3 -> FALSE | X49: =MAX(S46-S49,0) -> 0 | Y49: 0 | AA49: 11 | AB49: E | AC49: E+ | AD49: 10 | AE49: 7 | AF49: 0.76 | AG49: 0.84 | AH49: 0 | AI49: 0 | AJ49: =SUMIFS(AH$8:AH$1039,$O$8:$O$1039,O49,$AB$8:$AB$1039,AB49,$R$8:$R$1039,R49,$AA$8:$AA$1039,"<="&AA49) -> 0 | AK49: =E12 -> 16 | AL49: =E18 -> 0 | AM49: =MAX(0,AJ49-AK49) -> 0 | AN49: =IF(AM49=0,AH49,IF(AM49>=AH49,0,AH49-AM49)) -> 0 | AO49: =IF(AM49>=AH49,AI49,AI49*AM49/AH49) -> 0 | AP49: {=INDEX($AU$8:$BB$25,6*(R49-1)+MATCH(AB49,$AS$8:$AS$13,0),MATCH(O49,$AU$7:$BB$7,0))} -> TRUE
B50: A+ | O50: Q1’26 | P50: 2 | Q50: 4 | R50: 1 | T50: =(S50+S51+S52)=N3 -> FALSE | X50: =MAX(S47-S50,0) -> 0 | Y50: 0 | AA50: 2 | AB50: B | AC50: B+ | AD50: 25 | AE50: 19 | AF50: 0.76 | AG50: 0.81 | AH50: 0 | AI50: 0 | AJ50: =SUMIFS(AH$8:AH$1039,$O$8:$O$1039,O50,$AB$8:$AB$1039,AB50,$R$8:$R$1039,R50,$AA$8:$AA$1039,"<="&AA50) -> 0 | AK50: =C9 -> 25 | AL50: =C15 -> 0 | AM50: =MAX(0,AJ50-AK50) -> 0 | AN50: =IF(AM50=0,AH50,IF(AM50>=AH50,0,AH50-AM50)) -> 0 | AO50: =IF(AM50>=AH50,AI50,AI50*AM50/AH50) -> 0 | AP50: {=INDEX($AU$8:$BB$25,6*(R50-1)+MATCH(AB50,$AS$8:$AS$13,0),MATCH(O50,$AU$7:$BB$7,0))} -> TRUE
B51: B+ | O51: Q1’26 | P51: 2 | Q51: 4 | R51: 2 | T51: =(S50+S51+S52)=N3 -> FALSE | X51: =MAX(S48-S51,0) -> 0 | Y51: 0 | AA51: 2 | AB51: B | AC51: B+ | AD51: 25 | AE51: 19 | AF51: 0.76 | AG51: 0.81 | AH51: 0 | AI51: 0 | AJ51: =SUMIFS(AH$8:AH$1039,$O$8:$O$1039,O51,$AB$8:$AB$1039,AB51,$R$8:$R$1039,R51,$AA$8:$AA$1039,"<="&AA51) -> 0 | AK51: =D9 -> 30 | AL51: =D15 -> 0 | AM51: =MAX(0,AJ51-AK51) -> 0 | AN51: =IF(AM51=0,AH51,IF(AM51>=AH51,0,AH51-AM51)) -> 0 | AO51: =IF(AM51>=AH51,AI51,AI51*AM51/AH51) -> 0 | AP51: {=INDEX($AU$8:$BB$25,6*(R51-1)+MATCH(AB51,$AS$8:$AS$13,0),MATCH(O51,$AU$7:$BB$7,0))} -> TRUE
B52: C+ | O52: Q1’26 | P52: 2 | Q52: 4 | R52: 3 | T52: =(S50+S51+S52)=N3 -> FALSE | X52: =MAX(S49-S52,0) -> 0 | Y52: 0 | AA52: 2 | AB52: B | AC52: B+ | AD52: 25 | AE52: 19 | AF52: 0.76 | AG52: 0.81 | AH52: 0 | AI52: 0 | AJ52: =SUMIFS(AH$8:AH$1039,$O$8:$O$1039,O52,$AB$8:$AB$1039,AB52,$R$8:$R$1039,R52,$AA$8:$AA$1039,"<="&AA52) -> 0 | AK52: =E9 -> 0 | AL52: =E15 -> 0 | AM52: =MAX(0,AJ52-AK52) -> 0 | AN52: =IF(AM52=0,AH52,IF(AM52>=AH52,0,AH52-AM52)) -> 0 | AO52: =IF(AM52>=AH52,AI52,AI52*AM52/AH52) -> 0 | AP52: {=INDEX($AU$8:$BB$25,6*(R52-1)+MATCH(AB52,$AS$8:$AS$13,0),MATCH(O52,$AU$7:$BB$7,0))} -> TRUE
B53: D+ | O53: Q1’26 | P53: 2 | Q53: 5 | R53: 1 | T53: =(S53+S54+S55)=N3 -> FALSE | X53: =MAX(S50-S53,0) -> 0 | Y53: 0 | AA53: 3 | AB53: B | AC53: B+ | AD53: 15 | AE53: 11 | AF53: 0.76 | AG53: 0.81 | AH53: 0 | AI53: 0 | AJ53: =SUMIFS(AH$8:AH$1039,$O$8:$O$1039,O53,$AB$8:$AB$1039,AB53,$R$8:$R$1039,R53,$AA$8:$AA$1039,"<="&AA53) -> 0 | AK53: =C9 -> 25 | AL53: =C15 -> 0 | AM53: =MAX(0,AJ53-AK53) -> 0 | AN53: =IF(AM53=0,AH53,IF(AM53>=AH53,0,AH53-AM53)) -> 0 | AO53: =IF(AM53>=AH53,AI53,AI53*AM53/AH53) -> 0 | AP53: {=INDEX($AU$8:$BB$25,6*(R53-1)+MATCH(AB53,$AS$8:$AS$13,0),MATCH(O53,$AU$7:$BB$7,0))} -> TRUE
B54: E+ | O54: Q1’26 | P54: 2 | Q54: 5 | R54: 2 | T54: =(S53+S54+S55)=N3 -> FALSE | X54: =MAX(S51-S54,0) -> 0 | Y54: 0 | AA54: 3 | AB54: B | AC54: B+ | AD54: 15 | AE54: 11 | AF54: 0.76 | AG54: 0.81 | AH54: 0 | AI54: 0 | AJ54: =SUMIFS(AH$8:AH$1039,$O$8:$O$1039,O54,$AB$8:$AB$1039,AB54,$R$8:$R$1039,R54,$AA$8:$AA$1039,"<="&AA54) -> 0 | AK54: =D9 -> 30 | AL54: =D15 -> 0 | AM54: =MAX(0,AJ54-AK54) -> 0 | AN54: =IF(AM54=0,AH54,IF(AM54>=AH54,0,AH54-AM54)) -> 0 | AO54: =IF(AM54>=AH54,AI54,AI54*AM54/AH54) -> 0 | AP54: {=INDEX($AU$8:$BB$25,6*(R54-1)+MATCH(AB54,$AS$8:$AS$13,0),MATCH(O54,$AU$7:$BB$7,0))} -> TRUE
B55: F+ | F55: Fab 1 space | G55: Fab 2 space | H55: Fab 3 space | O55: Q1’26 | P55: 2 | Q55: 5 | R55: 3 | T55: =(S53+S54+S55)=N3 -> FALSE | X55: =MAX(S52-S55,0) -> 0 | Y55: 0 | AA55: 3 | AB55: B | AC55: B+ | AD55: 15 | AE55: 11 | AF55: 0.76 | AG55: 0.81 | AH55: 0 | AI55: 0 | AJ55: =SUMIFS(AH$8:AH$1039,$O$8:$O$1039,O55,$AB$8:$AB$1039,AB55,$R$8:$R$1039,R55,$AA$8:$AA$1039,"<="&AA55) -> 0 | AK55: =E9 -> 0 | AL55: =E15 -> 0 | AM55: =MAX(0,AJ55-AK55) -> 0 | AN55: =IF(AM55=0,AH55,IF(AM55>=AH55,0,AH55-AM55)) -> 0 | AO55: =IF(AM55>=AH55,AI55,AI55*AM55/AH55) -> 0 | AP55: {=INDEX($AU$8:$BB$25,6*(R55-1)+MATCH(AB55,$AS$8:$AS$13,0),MATCH(O55,$AU$7:$BB$7,0))} -> TRUE
A56: WS Component for Q1’27 | B56: A | F56: {=SUM(C56:C67*data!$B$3:$B$14)} -> 0 | G56: {=SUM(D56:D67*data!$B$3:$B$14)} -> 0 | H56: {=SUM(E56:E67*data!$B$3:$B$14)} -> 0 | I56: <- make sure its green | O56: Q1’26 | P56: 2 | Q56: 6 | R56: 1 | T56: =(S56+S57+S58)=N3 -> FALSE | X56: =MAX(S53-S56,0) -> 0 | Y56: 0 | AA56: 5 | AB56: F | AC56: F+ | AD56: 16 | AE56: 14 | AF56: 0.8 | AG56: 0.9 | AH56: 0 | AI56: 0 | AJ56: =SUMIFS(AH$8:AH$1039,$O$8:$O$1039,O56,$AB$8:$AB$1039,AB56,$R$8:$R$1039,R56,$AA$8:$AA$1039,"<="&AA56) -> 0 | AK56: =C13 -> 90 | AL56: =C19 -> 0 | AM56: =MAX(0,AJ56-AK56) -> 0 | AN56: =IF(AM56=0,AH56,IF(AM56>=AH56,0,AH56-AM56)) -> 0 | AO56: =IF(AM56>=AH56,AI56,AI56*AM56/AH56) -> 0 | AP56: {=INDEX($AU$8:$BB$25,6*(R56-1)+MATCH(AB56,$AS$8:$AS$13,0),MATCH(O56,$AU$7:$BB$7,0))} -> TRUE
B57: B | O57: Q1’26 | P57: 2 | Q57: 6 | R57: 2 | T57: =(S56+S57+S58)=N3 -> FALSE | X57: =MAX(S54-S57,0) -> 0 | Y57: 0 | AA57: 5 | AB57: F | AC57: F+ | AD57: 16 | AE57: 14 | AF57: 0.8 | AG57: 0.9 | AH57: 0 | AI57: 0 | AJ57: =SUMIFS(AH$8:AH$1039,$O$8:$O$1039,O57,$AB$8:$AB$1039,AB57,$R$8:$R$1039,R57,$AA$8:$AA$1039,"<="&AA57) -> 0 | AK57: =D13 -> 60 | AL57: =D19 -> 0 | AM57: =MAX(0,AJ57-AK57) -> 0 | AN57: =IF(AM57=0,AH57,IF(AM57>=AH57,0,AH57-AM57)) -> 0 | AO57: =IF(AM57>=AH57,AI57,AI57*AM57/AH57) -> 0 | AP57: {=INDEX($AU$8:$BB$25,6*(R57-1)+MATCH(AB57,$AS$8:$AS$13,0),MATCH(O57,$AU$7:$BB$7,0))} -> TRUE
B58: C | F58: New tool purchase cost | O58: Q1’26 | P58: 2 | Q58: 6 | R58: 3 | T58: =(S56+S57+S58)=N3 -> FALSE | X58: =MAX(S55-S58,0) -> 0 | Y58: 0 | AA58: 5 | AB58: F | AC58: F+ | AD58: 16 | AE58: 14 | AF58: 0.8 | AG58: 0.9 | AH58: 0 | AI58: 0 | AJ58: =SUMIFS(AH$8:AH$1039,$O$8:$O$1039,O58,$AB$8:$AB$1039,AB58,$R$8:$R$1039,R58,$AA$8:$AA$1039,"<="&AA58) -> 0 | AK58: =E13 -> 36 | AL58: =E19 -> 0 | AM58: =MAX(0,AJ58-AK58) -> 0 | AN58: =IF(AM58=0,AH58,IF(AM58>=AH58,0,AH58-AM58)) -> 0 | AO58: =IF(AM58>=AH58,AI58,AI58*AM58/AH58) -> 0 | AP58: {=INDEX($AU$8:$BB$25,6*(R58-1)+MATCH(AB58,$AS$8:$AS$13,0),MATCH(O58,$AU$7:$BB$7,0))} -> TRUE
B59: D | F59: {=SUM( _xlfn.BYROW( IF(C56:E67-C44:E55>0, C56:E67-C44:E55, 0), _xleta.SUM) *data!$C$3:$C$14 )} -> 0 | O59: Q1’26 | P59: 2 | Q59: 7 | R59: 1 | T59: =(S59+S60+S61)=N3 -> FALSE | X59: =MAX(S56-S59,0) -> 0 | Y59: 0 | AA59: 4 | AB59: F | AC59: F+ | AD59: 17 | AE59: 15 | AF59: 0.8 | AG59: 0.9 | AH59: 0 | AI59: 0 | AJ59: =SUMIFS(AH$8:AH$1039,$O$8:$O$1039,O59,$AB$8:$AB$1039,AB59,$R$8:$R$1039,R59,$AA$8:$AA$1039,"<="&AA59) -> 0 | AK59: =C13 -> 90 | AL59: =C19 -> 0 | AM59: =MAX(0,AJ59-AK59) -> 0 | AN59: =IF(AM59=0,AH59,IF(AM59>=AH59,0,AH59-AM59)) -> 0 | AO59: =IF(AM59>=AH59,AI59,AI59*AM59/AH59) -> 0 | AP59: {=INDEX($AU$8:$BB$25,6*(R59-1)+MATCH(AB59,$AS$8:$AS$13,0),MATCH(O59,$AU$7:$BB$7,0))} -> TRUE
B60: E | F60: Moveout cost | O60: Q1’26 | P60: 2 | Q60: 7 | R60: 2 | T60: =(S59+S60+S61)=N3 -> FALSE | X60: =MAX(S57-S60,0) -> 0 | Y60: 0 | AA60: 4 | AB60: F | AC60: F+ | AD60: 17 | AE60: 15 | AF60: 0.8 | AG60: 0.9 | AH60: 0 | AI60: 0 | AJ60: =SUMIFS(AH$8:AH$1039,$O$8:$O$1039,O60,$AB$8:$AB$1039,AB60,$R$8:$R$1039,R60,$AA$8:$AA$1039,"<="&AA60) -> 0 | AK60: =D13 -> 60 | AL60: =D19 -> 0 | AM60: =MAX(0,AJ60-AK60) -> 0 | AN60: =IF(AM60=0,AH60,IF(AM60>=AH60,0,AH60-AM60)) -> 0 | AO60: =IF(AM60>=AH60,AI60,AI60*AM60/AH60) -> 0 | AP60: {=INDEX($AU$8:$BB$25,6*(R60-1)+MATCH(AB60,$AS$8:$AS$13,0),MATCH(O60,$AU$7:$BB$7,0))} -> TRUE
B61: F | F61: {=SUM( _xlfn.BYROW( IF(C56:E67-C44:E55<0, C56:E67-C44:E55, 0), _xleta.SUM) * -1000000 )} -> 0 | O61: Q1’26 | P61: 2 | Q61: 7 | R61: 3 | T61: =(S59+S60+S61)=N3 -> FALSE | X61: =MAX(S58-S61,0) -> 0 | Y61: 0 | AA61: 4 | AB61: F | AC61: F+ | AD61: 17 | AE61: 15 | AF61: 0.8 | AG61: 0.9 | AH61: 0 | AI61: 0 | AJ61: =SUMIFS(AH$8:AH$1039,$O$8:$O$1039,O61,$AB$8:$AB$1039,AB61,$R$8:$R$1039,R61,$AA$8:$AA$1039,"<="&AA61) -> 0 | AK61: =E13 -> 36 | AL61: =E19 -> 0 | AM61: =MAX(0,AJ61-AK61) -> 0 | AN61: =IF(AM61=0,AH61,IF(AM61>=AH61,0,AH61-AM61)) -> 0 | AO61: =IF(AM61>=AH61,AI61,AI61*AM61/AH61) -> 0 | AP61: {=INDEX($AU$8:$BB$25,6*(R61-1)+MATCH(AB61,$AS$8:$AS$13,0),MATCH(O61,$AU$7:$BB$7,0))} -> TRUE
B62: A+ | O62: Q1’26 | P62: 2 | Q62: 8 | R62: 1 | T62: =(S62+S63+S64)=N3 -> FALSE | X62: =MAX(S59-S62,0) -> 0 | Y62: 0 | AA62: 4 | AB62: B | AC62: B+ | AD62: 22 | AE62: 16 | AF62: 0.76 | AG62: 0.81 | AH62: 0 | AI62: 0 | AJ62: =SUMIFS(AH$8:AH$1039,$O$8:$O$1039,O62,$AB$8:$AB$1039,AB62,$R$8:$R$1039,R62,$AA$8:$AA$1039,"<="&AA62) -> 0 | AK62: =C9 -> 25 | AL62: =C15 -> 0 | AM62: =MAX(0,AJ62-AK62) -> 0 | AN62: =IF(AM62=0,AH62,IF(AM62>=AH62,0,AH62-AM62)) -> 0 | AO62: =IF(AM62>=AH62,AI62,AI62*AM62/AH62) -> 0 | AP62: {=INDEX($AU$8:$BB$25,6*(R62-1)+MATCH(AB62,$AS$8:$AS$13,0),MATCH(O62,$AU$7:$BB$7,0))} -> TRUE
B63: B+ | O63: Q1’26 | P63: 2 | Q63: 8 | R63: 2 | T63: =(S62+S63+S64)=N3 -> FALSE | X63: =MAX(S60-S63,0) -> 0 | Y63: 0 | AA63: 4 | AB63: B | AC63: B+ | AD63: 22 | AE63: 16 | AF63: 0.76 | AG63: 0.81 | AH63: 0 | AI63: 0 | AJ63: =SUMIFS(AH$8:AH$1039,$O$8:$O$1039,O63,$AB$8:$AB$1039,AB63,$R$8:$R$1039,R63,$AA$8:$AA$1039,"<="&AA63) -> 0 | AK63: =D9 -> 30 | AL63: =D15 -> 0 | AM63: =MAX(0,AJ63-AK63) -> 0 | AN63: =IF(AM63=0,AH63,IF(AM63>=AH63,0,AH63-AM63)) -> 0 | AO63: =IF(AM63>=AH63,AI63,AI63*AM63/AH63) -> 0 | AP63: {=INDEX($AU$8:$BB$25,6*(R63-1)+MATCH(AB63,$AS$8:$AS$13,0),MATCH(O63,$AU$7:$BB$7,0))} -> TRUE
B64: C+ | O64: Q1’26 | P64: 2 | Q64: 8 | R64: 3 | T64: =(S62+S63+S64)=N3 -> FALSE | X64: =MAX(S61-S64,0) -> 0 | Y64: 0 | AA64: 4 | AB64: B | AC64: B+ | AD64: 22 | AE64: 16 | AF64: 0.76 | AG64: 0.81 | AH64: 0 | AI64: 0 | AJ64: =SUMIFS(AH$8:AH$1039,$O$8:$O$1039,O64,$AB$8:$AB$1039,AB64,$R$8:$R$1039,R64,$AA$8:$AA$1039,"<="&AA64) -> 0 | AK64: =E9 -> 0 | AL64: =E15 -> 0 | AM64: =MAX(0,AJ64-AK64) -> 0 | AN64: =IF(AM64=0,AH64,IF(AM64>=AH64,0,AH64-AM64)) -> 0 | AO64: =IF(AM64>=AH64,AI64,AI64*AM64/AH64) -> 0 | AP64: {=INDEX($AU$8:$BB$25,6*(R64-1)+MATCH(AB64,$AS$8:$AS$13,0),MATCH(O64,$AU$7:$BB$7,0))} -> TRUE
B65: D+ | O65: Q1’26 | P65: 2 | Q65: 9 | R65: 1 | T65: =(S65+S66+S67)=N3 -> FALSE | X65: =MAX(S62-S65,0) -> 0 | Y65: 0 | AA65: 4 | AB65: E | AC65: E+ | AD65: 7 | AE65: 6 | AF65: 0.76 | AG65: 0.84 | AH65: 0 | AI65: 0 | AJ65: =SUMIFS(AH$8:AH$1039,$O$8:$O$1039,O65,$AB$8:$AB$1039,AB65,$R$8:$R$1039,R65,$AA$8:$AA$1039,"<="&AA65) -> 0 | AK65: =C12 -> 40 | AL65: =C18 -> 0 | AM65: =MAX(0,AJ65-AK65) -> 0 | AN65: =IF(AM65=0,AH65,IF(AM65>=AH65,0,AH65-AM65)) -> 0 | AO65: =IF(AM65>=AH65,AI65,AI65*AM65/AH65) -> 0 | AP65: {=INDEX($AU$8:$BB$25,6*(R65-1)+MATCH(AB65,$AS$8:$AS$13,0),MATCH(O65,$AU$7:$BB$7,0))} -> TRUE
B66: E+ | O66: Q1’26 | P66: 2 | Q66: 9 | R66: 2 | T66: =(S65+S66+S67)=N3 -> FALSE | X66: =MAX(S63-S66,0) -> 0 | Y66: 0 | AA66: 4 | AB66: E | AC66: E+ | AD66: 7 | AE66: 6 | AF66: 0.76 | AG66: 0.84 | AH66: 0 | AI66: 0 | AJ66: =SUMIFS(AH$8:AH$1039,$O$8:$O$1039,O66,$AB$8:$AB$1039,AB66,$R$8:$R$1039,R66,$AA$8:$AA$1039,"<="&AA66) -> 0 | AK66: =D12 -> 30 | AL66: =D18 -> 0 | AM66: =MAX(0,AJ66-AK66) -> 0 | AN66: =IF(AM66=0,AH66,IF(AM66>=AH66,0,AH66-AM66)) -> 0 | AO66: =IF(AM66>=AH66,AI66,AI66*AM66/AH66) -> 0 | AP66: {=INDEX($AU$8:$BB$25,6*(R66-1)+MATCH(AB66,$AS$8:$AS$13,0),MATCH(O66,$AU$7:$BB$7,0))} -> TRUE
B67: F+ | F67: Fab 1 space | G67: Fab 2 space | H67: Fab 3 space | O67: Q1’26 | P67: 2 | Q67: 9 | R67: 3 | T67: =(S65+S66+S67)=N3 -> FALSE | X67: =MAX(S64-S67,0) -> 0 | Y67: 0 | AA67: 4 | AB67: E | AC67: E+ | AD67: 7 | AE67: 6 | AF67: 0.76 | AG67: 0.84 | AH67: 0 | AI67: 0 | AJ67: =SUMIFS(AH$8:AH$1039,$O$8:$O$1039,O67,$AB$8:$AB$1039,AB67,$R$8:$R$1039,R67,$AA$8:$AA$1039,"<="&AA67) -> 0 | AK67: =E12 -> 16 | AL67: =E18 -> 0 | AM67: =MAX(0,AJ67-AK67) -> 0 | AN67: =IF(AM67=0,AH67,IF(AM67>=AH67,0,AH67-AM67)) -> 0 | AO67: =IF(AM67>=AH67,AI67,AI67*AM67/AH67) -> 0 | AP67: {=INDEX($AU$8:$BB$25,6*(R67-1)+MATCH(AB67,$AS$8:$AS$13,0),MATCH(O67,$AU$7:$BB$7,0))} -> TRUE
A68: WS Component for Q2’27 | B68: A | F68: {=SUM(C68:C79*data!$B$3:$B$14)} -> 0 | G68: {=SUM(D68:D79*data!$B$3:$B$14)} -> 0 | H68: {=SUM(E68:E79*data!$B$3:$B$14)} -> 0 | I68: <- make sure its green | O68: Q1’26 | P68: 2 | Q68: 10 | R68: 1 | T68: =(S68+S69+S70)=N3 -> FALSE | X68: =MAX(S65-S68,0) -> 0 | Y68: 0 | AA68: 6 | AB68: E | AC68: E+ | AD68: 9 | AE68: 7 | AF68: 0.76 | AG68: 0.84 | AH68: 0 | AI68: 0 | AJ68: =SUMIFS(AH$8:AH$1039,$O$8:$O$1039,O68,$AB$8:$AB$1039,AB68,$R$8:$R$1039,R68,$AA$8:$AA$1039,"<="&AA68) -> 0 | AK68: =C12 -> 40 | AL68: =C18 -> 0 | AM68: =MAX(0,AJ68-AK68) -> 0 | AN68: =IF(AM68=0,AH68,IF(AM68>=AH68,0,AH68-AM68)) -> 0 | AO68: =IF(AM68>=AH68,AI68,AI68*AM68/AH68) -> 0 | AP68: {=INDEX($AU$8:$BB$25,6*(R68-1)+MATCH(AB68,$AS$8:$AS$13,0),MATCH(O68,$AU$7:$BB$7,0))} -> TRUE
B69: B | O69: Q1’26 | P69: 2 | Q69: 10 | R69: 2 | T69: =(S68+S69+S70)=N3 -> FALSE | X69: =MAX(S66-S69,0) -> 0 | Y69: 0 | AA69: 6 | AB69: E | AC69: E+ | AD69: 9 | AE69: 7 | AF69: 0.76 | AG69: 0.84 | AH69: 0 | AI69: 0 | AJ69: =SUMIFS(AH$8:AH$1039,$O$8:$O$1039,O69,$AB$8:$AB$1039,AB69,$R$8:$R$1039,R69,$AA$8:$AA$1039,"<="&AA69) -> 0 | AK69: =D12 -> 30 | AL69: =D18 -> 0 | AM69: =MAX(0,AJ69-AK69) -> 0 | AN69: =IF(AM69=0,AH69,IF(AM69>=AH69,0,AH69-AM69)) -> 0 | AO69: =IF(AM69>=AH69,AI69,AI69*AM69/AH69) -> 0 | AP69: {=INDEX($AU$8:$BB$25,6*(R69-1)+MATCH(AB69,$AS$8:$AS$13,0),MATCH(O69,$AU$7:$BB$7,0))} -> TRUE
B70: C | F70: New tool purchase cost | O70: Q1’26 | P70: 2 | Q70: 10 | R70: 3 | T70: =(S68+S69+S70)=N3 -> FALSE | X70: =MAX(S67-S70,0) -> 0 | Y70: 0 | AA70: 6 | AB70: E | AC70: E+ | AD70: 9 | AE70: 7 | AF70: 0.76 | AG70: 0.84 | AH70: 0 | AI70: 0 | AJ70: =SUMIFS(AH$8:AH$1039,$O$8:$O$1039,O70,$AB$8:$AB$1039,AB70,$R$8:$R$1039,R70,$AA$8:$AA$1039,"<="&AA70) -> 0 | AK70: =E12 -> 16 | AL70: =E18 -> 0 | AM70: =MAX(0,AJ70-AK70) -> 0 | AN70: =IF(AM70=0,AH70,IF(AM70>=AH70,0,AH70-AM70)) -> 0 | AO70: =IF(AM70>=AH70,AI70,AI70*AM70/AH70) -> 0 | AP70: {=INDEX($AU$8:$BB$25,6*(R70-1)+MATCH(AB70,$AS$8:$AS$13,0),MATCH(O70,$AU$7:$BB$7,0))} -> TRUE
B71: D | F71: {=SUM( _xlfn.BYROW( IF(C68:E79-C56:E67>0, C68:E79-C56:E67, 0), _xleta.SUM) *data!$C$3:$C$14 )} -> 0 | O71: Q1’26 | P71: 2 | Q71: 11 | R71: 1 | T71: =(S71+S72+S73)=N3 -> FALSE | X71: =MAX(S68-S71,0) -> 0 | Y71: 0 | AA71: 2 | AB71: E | AC71: E+ | AD71: 20 | AE71: 19 | AF71: 0.76 | AG71: 0.84 | AH71: 0 | AI71: 0 | AJ71: =SUMIFS(AH$8:AH$1039,$O$8:$O$1039,O71,$AB$8:$AB$1039,AB71,$R$8:$R$1039,R71,$AA$8:$AA$1039,"<="&AA71) -> 0 | AK71: =C12 -> 40 | AL71: =C18 -> 0 | AM71: =MAX(0,AJ71-AK71) -> 0 | AN71: =IF(AM71=0,AH71,IF(AM71>=AH71,0,AH71-AM71)) -> 0 | AO71: =IF(AM71>=AH71,AI71,AI71*AM71/AH71) -> 0 | AP71: {=INDEX($AU$8:$BB$25,6*(R71-1)+MATCH(AB71,$AS$8:$AS$13,0),MATCH(O71,$AU$7:$BB$7,0))} -> TRUE
B72: E | F72: Moveout cost | O72: Q1’26 | P72: 2 | Q72: 11 | R72: 2 | T72: =(S71+S72+S73)=N3 -> FALSE | X72: =MAX(S69-S72,0) -> 0 | Y72: 0 | AA72: 2 | AB72: E | AC72: E+ | AD72: 20 | AE72: 19 | AF72: 0.76 | AG72: 0.84 | AH72: 0 | AI72: 0 | AJ72: =SUMIFS(AH$8:AH$1039,$O$8:$O$1039,O72,$AB$8:$AB$1039,AB72,$R$8:$R$1039,R72,$AA$8:$AA$1039,"<="&AA72) -> 0 | AK72: =D12 -> 30 | AL72: =D18 -> 0 | AM72: =MAX(0,AJ72-AK72) -> 0 | AN72: =IF(AM72=0,AH72,IF(AM72>=AH72,0,AH72-AM72)) -> 0 | AO72: =IF(AM72>=AH72,AI72,AI72*AM72/AH72) -> 0 | AP72: {=INDEX($AU$8:$BB$25,6*(R72-1)+MATCH(AB72,$AS$8:$AS$13,0),MATCH(O72,$AU$7:$BB$7,0))} -> TRUE
B73: F | F73: {=SUM( _xlfn.BYROW( IF(C68:E79-C56:E67<0, C68:E79-C56:E67, 0), _xleta.SUM) * -1000000 )} -> 0 | O73: Q1’26 | P73: 2 | Q73: 11 | R73: 3 | T73: =(S71+S72+S73)=N3 -> FALSE | X73: =MAX(S70-S73,0) -> 0 | Y73: 0 | AA73: 2 | AB73: E | AC73: E+ | AD73: 20 | AE73: 19 | AF73: 0.76 | AG73: 0.84 | AH73: 0 | AI73: 0 | AJ73: =SUMIFS(AH$8:AH$1039,$O$8:$O$1039,O73,$AB$8:$AB$1039,AB73,$R$8:$R$1039,R73,$AA$8:$AA$1039,"<="&AA73) -> 0 | AK73: =E12 -> 16 | AL73: =E18 -> 0 | AM73: =MAX(0,AJ73-AK73) -> 0 | AN73: =IF(AM73=0,AH73,IF(AM73>=AH73,0,AH73-AM73)) -> 0 | AO73: =IF(AM73>=AH73,AI73,AI73*AM73/AH73) -> 0 | AP73: {=INDEX($AU$8:$BB$25,6*(R73-1)+MATCH(AB73,$AS$8:$AS$13,0),MATCH(O73,$AU$7:$BB$7,0))} -> TRUE
B74: A+ | O74: Q1’26 | P74: 2 | Q74: 12 | R74: 1 | T74: =(S74+S75+S76)=N3 -> FALSE | X74: =MAX(S71-S74,0) -> 0 | Y74: 0 | AA74: 7 | AB74: F | AC74: F+ | AD74: 21 | AE74: 18 | AF74: 0.8 | AG74: 0.9 | AH74: 0 | AI74: 0 | AJ74: =SUMIFS(AH$8:AH$1039,$O$8:$O$1039,O74,$AB$8:$AB$1039,AB74,$R$8:$R$1039,R74,$AA$8:$AA$1039,"<="&AA74) -> 0 | AK74: =C13 -> 90 | AL74: =C19 -> 0 | AM74: =MAX(0,AJ74-AK74) -> 0 | AN74: =IF(AM74=0,AH74,IF(AM74>=AH74,0,AH74-AM74)) -> 0 | AO74: =IF(AM74>=AH74,AI74,AI74*AM74/AH74) -> 0 | AP74: {=INDEX($AU$8:$BB$25,6*(R74-1)+MATCH(AB74,$AS$8:$AS$13,0),MATCH(O74,$AU$7:$BB$7,0))} -> TRUE
B75: B+ | O75: Q1’26 | P75: 2 | Q75: 12 | R75: 2 | T75: =(S74+S75+S76)=N3 -> FALSE | X75: =MAX(S72-S75,0) -> 0 | Y75: 0 | AA75: 7 | AB75: F | AC75: F+ | AD75: 21 | AE75: 18 | AF75: 0.8 | AG75: 0.9 | AH75: 0 | AI75: 0 | AJ75: =SUMIFS(AH$8:AH$1039,$O$8:$O$1039,O75,$AB$8:$AB$1039,AB75,$R$8:$R$1039,R75,$AA$8:$AA$1039,"<="&AA75) -> 0 | AK75: =D13 -> 60 | AL75: =D19 -> 0 | AM75: =MAX(0,AJ75-AK75) -> 0 | AN75: =IF(AM75=0,AH75,IF(AM75>=AH75,0,AH75-AM75)) -> 0 | AO75: =IF(AM75>=AH75,AI75,AI75*AM75/AH75) -> 0 | AP75: {=INDEX($AU$8:$BB$25,6*(R75-1)+MATCH(AB75,$AS$8:$AS$13,0),MATCH(O75,$AU$7:$BB$7,0))} -> TRUE
B76: C+ | O76: Q1’26 | P76: 2 | Q76: 12 | R76: 3 | T76: =(S74+S75+S76)=N3 -> FALSE | X76: =MAX(S73-S76,0) -> 0 | Y76: 0 | AA76: 7 | AB76: F | AC76: F+ | AD76: 21 | AE76: 18 | AF76: 0.8 | AG76: 0.9 | AH76: 0 | AI76: 0 | AJ76: =SUMIFS(AH$8:AH$1039,$O$8:$O$1039,O76,$AB$8:$AB$1039,AB76,$R$8:$R$1039,R76,$AA$8:$AA$1039,"<="&AA76) -> 0 | AK76: =E13 -> 36 | AL76: =E19 -> 0 | AM76: =MAX(0,AJ76-AK76) -> 0 | AN76: =IF(AM76=0,AH76,IF(AM76>=AH76,0,AH76-AM76)) -> 0 | AO76: =IF(AM76>=AH76,AI76,AI76*AM76/AH76) -> 0 | AP76: {=INDEX($AU$8:$BB$25,6*(R76-1)+MATCH(AB76,$AS$8:$AS$13,0),MATCH(O76,$AU$7:$BB$7,0))} -> TRUE
B77: D+ | O77: Q1’26 | P77: 2 | Q77: 13 | R77: 1 | T77: =(S77+S78+S79)=N3 -> FALSE | X77: =MAX(S74-S77,0) -> 0 | Y77: 0 | AA77: 8 | AB77: E | AC77: E+ | AD77: 12 | AE77: 9 | AF77: 0.76 | AG77: 0.84 | AH77: 0 | AI77: 0 | AJ77: =SUMIFS(AH$8:AH$1039,$O$8:$O$1039,O77,$AB$8:$AB$1039,AB77,$R$8:$R$1039,R77,$AA$8:$AA$1039,"<="&AA77) -> 0 | AK77: =C12 -> 40 | AL77: =C18 -> 0 | AM77: =MAX(0,AJ77-AK77) -> 0 | AN77: =IF(AM77=0,AH77,IF(AM77>=AH77,0,AH77-AM77)) -> 0 | AO77: =IF(AM77>=AH77,AI77,AI77*AM77/AH77) -> 0 | AP77: {=INDEX($AU$8:$BB$25,6*(R77-1)+MATCH(AB77,$AS$8:$AS$13,0),MATCH(O77,$AU$7:$BB$7,0))} -> TRUE
B78: E+ | O78: Q1’26 | P78: 2 | Q78: 13 | R78: 2 | T78: =(S77+S78+S79)=N3 -> FALSE | X78: =MAX(S75-S78,0) -> 0 | Y78: 0 | AA78: 8 | AB78: E | AC78: E+ | AD78: 12 | AE78: 9 | AF78: 0.76 | AG78: 0.84 | AH78: 0 | AI78: 0 | AJ78: =SUMIFS(AH$8:AH$1039,$O$8:$O$1039,O78,$AB$8:$AB$1039,AB78,$R$8:$R$1039,R78,$AA$8:$AA$1039,"<="&AA78) -> 0 | AK78: =D12 -> 30 | AL78: =D18 -> 0 | AM78: =MAX(0,AJ78-AK78) -> 0 | AN78: =IF(AM78=0,AH78,IF(AM78>=AH78,0,AH78-AM78)) -> 0 | AO78: =IF(AM78>=AH78,AI78,AI78*AM78/AH78) -> 0 | AP78: {=INDEX($AU$8:$BB$25,6*(R78-1)+MATCH(AB78,$AS$8:$AS$13,0),MATCH(O78,$AU$7:$BB$7,0))} -> TRUE
B79: F+ | F79: Fab 1 space | G79: Fab 2 space | H79: Fab 3 space | O79: Q1’26 | P79: 2 | Q79: 13 | R79: 3 | T79: =(S77+S78+S79)=N3 -> FALSE | X79: =MAX(S76-S79,0) -> 0 | Y79: 0 | AA79: 8 | AB79: E | AC79: E+ | AD79: 12 | AE79: 9 | AF79: 0.76 | AG79: 0.84 | AH79: 0 | AI79: 0 | AJ79: =SUMIFS(AH$8:AH$1039,$O$8:$O$1039,O79,$AB$8:$AB$1039,AB79,$R$8:$R$1039,R79,$AA$8:$AA$1039,"<="&AA79) -> 0 | AK79: =E12 -> 16 | AL79: =E18 -> 0 | AM79: =MAX(0,AJ79-AK79) -> 0 | AN79: =IF(AM79=0,AH79,IF(AM79>=AH79,0,AH79-AM79)) -> 0 | AO79: =IF(AM79>=AH79,AI79,AI79*AM79/AH79) -> 0 | AP79: {=INDEX($AU$8:$BB$25,6*(R79-1)+MATCH(AB79,$AS$8:$AS$13,0),MATCH(O79,$AU$7:$BB$7,0))} -> TRUE
A80: WS Component for Q3’27 | B80: A | F80: {=SUM(C80:C91*data!$B$3:$B$14)} -> 0 | G80: {=SUM(D80:D91*data!$B$3:$B$14)} -> 0 | H80: {=SUM(E80:E91*data!$B$3:$B$14)} -> 0 | I80: <- make sure its green | O80: Q1’26 | P80: 2 | Q80: 14 | R80: 1 | T80: =(S80+S81+S82)=N3 -> FALSE | X80: =MAX(S77-S80,0) -> 0 | Y80: 0 | AA80: 5 | AB80: E | AC80: E+ | AD80: 15 | AE80: 12 | AF80: 0.76 | AG80: 0.84 | AH80: 0 | AI80: 0 | AJ80: =SUMIFS(AH$8:AH$1039,$O$8:$O$1039,O80,$AB$8:$AB$1039,AB80,$R$8:$R$1039,R80,$AA$8:$AA$1039,"<="&AA80) -> 0 | AK80: =C12 -> 40 | AL80: =C18 -> 0 | AM80: =MAX(0,AJ80-AK80) -> 0 | AN80: =IF(AM80=0,AH80,IF(AM80>=AH80,0,AH80-AM80)) -> 0 | AO80: =IF(AM80>=AH80,AI80,AI80*AM80/AH80) -> 0 | AP80: {=INDEX($AU$8:$BB$25,6*(R80-1)+MATCH(AB80,$AS$8:$AS$13,0),MATCH(O80,$AU$7:$BB$7,0))} -> TRUE
B81: B | O81: Q1’26 | P81: 2 | Q81: 14 | R81: 2 | T81: =(S80+S81+S82)=N3 -> FALSE | X81: =MAX(S78-S81,0) -> 0 | Y81: 0 | AA81: 5 | AB81: E | AC81: E+ | AD81: 15 | AE81: 12 | AF81: 0.76 | AG81: 0.84 | AH81: 0 | AI81: 0 | AJ81: =SUMIFS(AH$8:AH$1039,$O$8:$O$1039,O81,$AB$8:$AB$1039,AB81,$R$8:$R$1039,R81,$AA$8:$AA$1039,"<="&AA81) -> 0 | AK81: =D12 -> 30 | AL81: =D18 -> 0 | AM81: =MAX(0,AJ81-AK81) -> 0 | AN81: =IF(AM81=0,AH81,IF(AM81>=AH81,0,AH81-AM81)) -> 0 | AO81: =IF(AM81>=AH81,AI81,AI81*AM81/AH81) -> 0 | AP81: {=INDEX($AU$8:$BB$25,6*(R81-1)+MATCH(AB81,$AS$8:$AS$13,0),MATCH(O81,$AU$7:$BB$7,0))} -> TRUE
B82: C | F82: New tool purchase cost | O82: Q1’26 | P82: 2 | Q82: 14 | R82: 3 | T82: =(S80+S81+S82)=N3 -> FALSE | X82: =MAX(S79-S82,0) -> 0 | Y82: 0 | AA82: 5 | AB82: E | AC82: E+ | AD82: 15 | AE82: 12 | AF82: 0.76 | AG82: 0.84 | AH82: 0 | AI82: 0 | AJ82: =SUMIFS(AH$8:AH$1039,$O$8:$O$1039,O82,$AB$8:$AB$1039,AB82,$R$8:$R$1039,R82,$AA$8:$AA$1039,"<="&AA82) -> 0 | AK82: =E12 -> 16 | AL82: =E18 -> 0 | AM82: =MAX(0,AJ82-AK82) -> 0 | AN82: =IF(AM82=0,AH82,IF(AM82>=AH82,0,AH82-AM82)) -> 0 | AO82: =IF(AM82>=AH82,AI82,AI82*AM82/AH82) -> 0 | AP82: {=INDEX($AU$8:$BB$25,6*(R82-1)+MATCH(AB82,$AS$8:$AS$13,0),MATCH(O82,$AU$7:$BB$7,0))} -> TRUE
B83: D | F83: {=SUM( _xlfn.BYROW( IF(C80:E91-C68:E79>0, C80:E91-C68:E79, 0), _xleta.SUM) *data!$C$3:$C$14 )} -> 0 | O83: Q1’26 | P83: 2 | Q83: 15 | R83: 1 | T83: =(S83+S84+S85)=N3 -> FALSE | X83: =MAX(S80-S83,0) -> 0 | Y83: 0 | AA83: 7 | AB83: E | AC83: E+ | AD83: 13 | AE83: 10 | AF83: 0.76 | AG83: 0.84 | AH83: 0 | AI83: 0 | AJ83: =SUMIFS(AH$8:AH$1039,$O$8:$O$1039,O83,$AB$8:$AB$1039,AB83,$R$8:$R$1039,R83,$AA$8:$AA$1039,"<="&AA83) -> 0 | AK83: =C12 -> 40 | AL83: =C18 -> 0 | AM83: =MAX(0,AJ83-AK83) -> 0 | AN83: =IF(AM83=0,AH83,IF(AM83>=AH83,0,AH83-AM83)) -> 0 | AO83: =IF(AM83>=AH83,AI83,AI83*AM83/AH83) -> 0 | AP83: {=INDEX($AU$8:$BB$25,6*(R83-1)+MATCH(AB83,$AS$8:$AS$13,0),MATCH(O83,$AU$7:$BB$7,0))} -> TRUE
B84: E | F84: Moveout cost | O84: Q1’26 | P84: 2 | Q84: 15 | R84: 2 | T84: =(S83+S84+S85)=N3 -> FALSE | X84: =MAX(S81-S84,0) -> 0 | Y84: 0 | AA84: 7 | AB84: E | AC84: E+ | AD84: 13 | AE84: 10 | AF84: 0.76 | AG84: 0.84 | AH84: 0 | AI84: 0 | AJ84: =SUMIFS(AH$8:AH$1039,$O$8:$O$1039,O84,$AB$8:$AB$1039,AB84,$R$8:$R$1039,R84,$AA$8:$AA$1039,"<="&AA84) -> 0 | AK84: =D12 -> 30 | AL84: =D18 -> 0 | AM84: =MAX(0,AJ84-AK84) -> 0 | AN84: =IF(AM84=0,AH84,IF(AM84>=AH84,0,AH84-AM84)) -> 0 | AO84: =IF(AM84>=AH84,AI84,AI84*AM84/AH84) -> 0 | AP84: {=INDEX($AU$8:$BB$25,6*(R84-1)+MATCH(AB84,$AS$8:$AS$13,0),MATCH(O84,$AU$7:$BB$7,0))} -> TRUE
B85: F | F85: {=SUM( _xlfn.BYROW( IF(C80:E91-C68:E79<0, C80:E91-C68:E79, 0), _xleta.SUM) * -1000000 )} -> 0 | O85: Q1’26 | P85: 2 | Q85: 15 | R85: 3 | T85: =(S83+S84+S85)=N3 -> FALSE | X85: =MAX(S82-S85,0) -> 0 | Y85: 0 | AA85: 7 | AB85: E | AC85: E+ | AD85: 13 | AE85: 10 | AF85: 0.76 | AG85: 0.84 | AH85: 0 | AI85: 0 | AJ85: =SUMIFS(AH$8:AH$1039,$O$8:$O$1039,O85,$AB$8:$AB$1039,AB85,$R$8:$R$1039,R85,$AA$8:$AA$1039,"<="&AA85) -> 0 | AK85: =E12 -> 16 | AL85: =E18 -> 0 | AM85: =MAX(0,AJ85-AK85) -> 0 | AN85: =IF(AM85=0,AH85,IF(AM85>=AH85,0,AH85-AM85)) -> 0 | AO85: =IF(AM85>=AH85,AI85,AI85*AM85/AH85) -> 0 | AP85: {=INDEX($AU$8:$BB$25,6*(R85-1)+MATCH(AB85,$AS$8:$AS$13,0),MATCH(O85,$AU$7:$BB$7,0))} -> TRUE
B86: A+ | O86: Q1’26 | P86: 3 | Q86: 1 | R86: 1 | T86: =(S86+S87+S88)=N4 -> FALSE | X86: 0 | Y86: 0 | AA86: 1 | AB86: C | AC86: C+ | AD86: 21 | AE86: 20 | AF86: 0.8 | AG86: 0.86 | AH86: 0 | AI86: 0 | AJ86: =SUMIFS(AH$8:AH$1039,$O$8:$O$1039,O86,$AB$8:$AB$1039,AB86,$R$8:$R$1039,R86,$AA$8:$AA$1039,"<="&AA86) -> 0 | AK86: =C10 -> 0 | AL86: =C16 -> 0 | AM86: =MAX(0,AJ86-AK86) -> 0 | AN86: =IF(AM86=0,AH86,IF(AM86>=AH86,0,AH86-AM86)) -> 0 | AO86: =IF(AM86>=AH86,AI86,AI86*AM86/AH86) -> 0 | AP86: {=INDEX($AU$8:$BB$25,6*(R86-1)+MATCH(AB86,$AS$8:$AS$13,0),MATCH(O86,$AU$7:$BB$7,0))} -> TRUE
B87: B+ | O87: Q1’26 | P87: 3 | Q87: 1 | R87: 2 | T87: =(S86+S87+S88)=N4 -> FALSE | X87: 0 | Y87: 0 | AA87: 1 | AB87: C | AC87: C+ | AD87: 21 | AE87: 20 | AF87: 0.8 | AG87: 0.86 | AH87: 0 | AI87: 0 | AJ87: =SUMIFS(AH$8:AH$1039,$O$8:$O$1039,O87,$AB$8:$AB$1039,AB87,$R$8:$R$1039,R87,$AA$8:$AA$1039,"<="&AA87) -> 0 | AK87: =D10 -> 0 | AL87: =D16 -> 0 | AM87: =MAX(0,AJ87-AK87) -> 0 | AN87: =IF(AM87=0,AH87,IF(AM87>=AH87,0,AH87-AM87)) -> 0 | AO87: =IF(AM87>=AH87,AI87,AI87*AM87/AH87) -> 0 | AP87: {=INDEX($AU$8:$BB$25,6*(R87-1)+MATCH(AB87,$AS$8:$AS$13,0),MATCH(O87,$AU$7:$BB$7,0))} -> TRUE
B88: C+ | O88: Q1’26 | P88: 3 | Q88: 1 | R88: 3 | T88: =(S86+S87+S88)=N4 -> FALSE | X88: 0 | Y88: 0 | AA88: 1 | AB88: C | AC88: C+ | AD88: 21 | AE88: 20 | AF88: 0.8 | AG88: 0.86 | AH88: 0 | AI88: 0 | AJ88: =SUMIFS(AH$8:AH$1039,$O$8:$O$1039,O88,$AB$8:$AB$1039,AB88,$R$8:$R$1039,R88,$AA$8:$AA$1039,"<="&AA88) -> 0 | AK88: =E10 -> 40 | AL88: =E16 -> 0 | AM88: =MAX(0,AJ88-AK88) -> 0 | AN88: =IF(AM88=0,AH88,IF(AM88>=AH88,0,AH88-AM88)) -> 0 | AO88: =IF(AM88>=AH88,AI88,AI88*AM88/AH88) -> 0 | AP88: {=INDEX($AU$8:$BB$25,6*(R88-1)+MATCH(AB88,$AS$8:$AS$13,0),MATCH(O88,$AU$7:$BB$7,0))} -> TRUE
B89: D+ | O89: Q1’26 | P89: 3 | Q89: 2 | R89: 1 | T89: =(S89+S90+S91)=N4 -> FALSE | X89: =MAX(S86-S89,0) -> 0 | Y89: 0 | AA89: 8 | AB89: D | AC89: D+ | AD89: 9 | AE89: 7 | AF89: 0.8 | AG89: 0.88 | AH89: 0 | AI89: 0 | AJ89: =SUMIFS(AH$8:AH$1039,$O$8:$O$1039,O89,$AB$8:$AB$1039,AB89,$R$8:$R$1039,R89,$AA$8:$AA$1039,"<="&AA89) -> 0 | AK89: =C11 -> 50 | AL89: =C17 -> 0 | AM89: =MAX(0,AJ89-AK89) -> 0 | AN89: =IF(AM89=0,AH89,IF(AM89>=AH89,0,AH89-AM89)) -> 0 | AO89: =IF(AM89>=AH89,AI89,AI89*AM89/AH89) -> 0 | AP89: {=INDEX($AU$8:$BB$25,6*(R89-1)+MATCH(AB89,$AS$8:$AS$13,0),MATCH(O89,$AU$7:$BB$7,0))} -> TRUE
B90: E+ | O90: Q1’26 | P90: 3 | Q90: 2 | R90: 2 | T90: =(S89+S90+S91)=N4 -> FALSE | X90: =MAX(S87-S90,0) -> 0 | Y90: 0 | AA90: 8 | AB90: D | AC90: D+ | AD90: 9 | AE90: 7 | AF90: 0.8 | AG90: 0.88 | AH90: 0 | AI90: 0 | AJ90: =SUMIFS(AH$8:AH$1039,$O$8:$O$1039,O90,$AB$8:$AB$1039,AB90,$R$8:$R$1039,R90,$AA$8:$AA$1039,"<="&AA90) -> 0 | AK90: =D11 -> 50 | AL90: =D17 -> 0 | AM90: =MAX(0,AJ90-AK90) -> 0 | AN90: =IF(AM90=0,AH90,IF(AM90>=AH90,0,AH90-AM90)) -> 0 | AO90: =IF(AM90>=AH90,AI90,AI90*AM90/AH90) -> 0 | AP90: {=INDEX($AU$8:$BB$25,6*(R90-1)+MATCH(AB90,$AS$8:$AS$13,0),MATCH(O90,$AU$7:$BB$7,0))} -> TRUE
B91: F+ | F91: Fab 1 space | G91: Fab 2 space | H91: Fab 3 space | O91: Q1’26 | P91: 3 | Q91: 2 | R91: 3 | T91: =(S89+S90+S91)=N4 -> FALSE | X91: =MAX(S88-S91,0) -> 0 | Y91: 0 | AA91: 8 | AB91: D | AC91: D+ | AD91: 9 | AE91: 7 | AF91: 0.8 | AG91: 0.88 | AH91: 0 | AI91: 0 | AJ91: =SUMIFS(AH$8:AH$1039,$O$8:$O$1039,O91,$AB$8:$AB$1039,AB91,$R$8:$R$1039,R91,$AA$8:$AA$1039,"<="&AA91) -> 0 | AK91: =E11 -> 35 | AL91: =E17 -> 0 | AM91: =MAX(0,AJ91-AK91) -> 0 | AN91: =IF(AM91=0,AH91,IF(AM91>=AH91,0,AH91-AM91)) -> 0 | AO91: =IF(AM91>=AH91,AI91,AI91*AM91/AH91) -> 0 | AP91: {=INDEX($AU$8:$BB$25,6*(R91-1)+MATCH(AB91,$AS$8:$AS$13,0),MATCH(O91,$AU$7:$BB$7,0))} -> TRUE
A92: WS Component for Q4’27 | B92: A | F92: {=SUM(C92:C103*data!$B$3:$B$14)} -> 0 | G92: {=SUM(D92:D103*data!$B$3:$B$14)} -> 0 | H92: {=SUM(E92:E103*data!$B$3:$B$14)} -> 0 | I92: <- make sure its green | O92: Q1’26 | P92: 3 | Q92: 3 | R92: 1 | T92: =(S92+S93+S94)=N4 -> FALSE | X92: =MAX(S89-S92,0) -> 0 | Y92: 0 | AA92: 1 | AB92: E | AC92: E+ | AD92: 24 | AE92: 23 | AF92: 0.76 | AG92: 0.84 | AH92: 0 | AI92: 0 | AJ92: =SUMIFS(AH$8:AH$1039,$O$8:$O$1039,O92,$AB$8:$AB$1039,AB92,$R$8:$R$1039,R92,$AA$8:$AA$1039,"<="&AA92) -> 0 | AK92: =C12 -> 40 | AL92: =C18 -> 0 | AM92: =MAX(0,AJ92-AK92) -> 0 | AN92: =IF(AM92=0,AH92,IF(AM92>=AH92,0,AH92-AM92)) -> 0 | AO92: =IF(AM92>=AH92,AI92,AI92*AM92/AH92) -> 0 | AP92: {=INDEX($AU$8:$BB$25,6*(R92-1)+MATCH(AB92,$AS$8:$AS$13,0),MATCH(O92,$AU$7:$BB$7,0))} -> TRUE
B93: B | O93: Q1’26 | P93: 3 | Q93: 3 | R93: 2 | T93: =(S92+S93+S94)=N4 -> FALSE | X93: =MAX(S90-S93,0) -> 0 | Y93: 0 | AA93: 1 | AB93: E | AC93: E+ | AD93: 24 | AE93: 23 | AF93: 0.76 | AG93: 0.84 | AH93: 0 | AI93: 0 | AJ93: =SUMIFS(AH$8:AH$1039,$O$8:$O$1039,O93,$AB$8:$AB$1039,AB93,$R$8:$R$1039,R93,$AA$8:$AA$1039,"<="&AA93) -> 0 | AK93: =D12 -> 30 | AL93: =D18 -> 0 | AM93: =MAX(0,AJ93-AK93) -> 0 | AN93: =IF(AM93=0,AH93,IF(AM93>=AH93,0,AH93-AM93)) -> 0 | AO93: =IF(AM93>=AH93,AI93,AI93*AM93/AH93) -> 0 | AP93: {=INDEX($AU$8:$BB$25,6*(R93-1)+MATCH(AB93,$AS$8:$AS$13,0),MATCH(O93,$AU$7:$BB$7,0))} -> TRUE
B94: C | F94: New tool purchase cost | O94: Q1’26 | P94: 3 | Q94: 3 | R94: 3 | T94: =(S92+S93+S94)=N4 -> FALSE | X94: =MAX(S91-S94,0) -> 0 | Y94: 0 | AA94: 1 | AB94: E | AC94: E+ | AD94: 24 | AE94: 23 | AF94: 0.76 | AG94: 0.84 | AH94: 0 | AI94: 0 | AJ94: =SUMIFS(AH$8:AH$1039,$O$8:$O$1039,O94,$AB$8:$AB$1039,AB94,$R$8:$R$1039,R94,$AA$8:$AA$1039,"<="&AA94) -> 0 | AK94: =E12 -> 16 | AL94: =E18 -> 0 | AM94: =MAX(0,AJ94-AK94) -> 0 | AN94: =IF(AM94=0,AH94,IF(AM94>=AH94,0,AH94-AM94)) -> 0 | AO94: =IF(AM94>=AH94,AI94,AI94*AM94/AH94) -> 0 | AP94: {=INDEX($AU$8:$BB$25,6*(R94-1)+MATCH(AB94,$AS$8:$AS$13,0),MATCH(O94,$AU$7:$BB$7,0))} -> TRUE
B95: D | F95: {=SUM( _xlfn.BYROW( IF(C92:E103-C80:E91>0, C92:E103-C80:E91, 0), _xleta.SUM) *data!$C$3:$C$14 )} -> 0 | O95: Q1’26 | P95: 3 | Q95: 4 | R95: 1 | T95: =(S95+S96+S97)=N4 -> FALSE | X95: =MAX(S92-S95,0) -> 0 | Y95: 0 | AA95: 9 | AB95: E | AC95: E+ | AD95: 15 | AE95: 11 | AF95: 0.76 | AG95: 0.84 | AH95: 0 | AI95: 0 | AJ95: =SUMIFS(AH$8:AH$1039,$O$8:$O$1039,O95,$AB$8:$AB$1039,AB95,$R$8:$R$1039,R95,$AA$8:$AA$1039,"<="&AA95) -> 0 | AK95: =C12 -> 40 | AL95: =C18 -> 0 | AM95: =MAX(0,AJ95-AK95) -> 0 | AN95: =IF(AM95=0,AH95,IF(AM95>=AH95,0,AH95-AM95)) -> 0 | AO95: =IF(AM95>=AH95,AI95,AI95*AM95/AH95) -> 0 | AP95: {=INDEX($AU$8:$BB$25,6*(R95-1)+MATCH(AB95,$AS$8:$AS$13,0),MATCH(O95,$AU$7:$BB$7,0))} -> TRUE
B96: E | F96: Moveout cost | O96: Q1’26 | P96: 3 | Q96: 4 | R96: 2 | T96: =(S95+S96+S97)=N4 -> FALSE | X96: =MAX(S93-S96,0) -> 0 | Y96: 0 | AA96: 9 | AB96: E | AC96: E+ | AD96: 15 | AE96: 11 | AF96: 0.76 | AG96: 0.84 | AH96: 0 | AI96: 0 | AJ96: =SUMIFS(AH$8:AH$1039,$O$8:$O$1039,O96,$AB$8:$AB$1039,AB96,$R$8:$R$1039,R96,$AA$8:$AA$1039,"<="&AA96) -> 0 | AK96: =D12 -> 30 | AL96: =D18 -> 0 | AM96: =MAX(0,AJ96-AK96) -> 0 | AN96: =IF(AM96=0,AH96,IF(AM96>=AH96,0,AH96-AM96)) -> 0 | AO96: =IF(AM96>=AH96,AI96,AI96*AM96/AH96) -> 0 | AP96: {=INDEX($AU$8:$BB$25,6*(R96-1)+MATCH(AB96,$AS$8:$AS$13,0),MATCH(O96,$AU$7:$BB$7,0))} -> TRUE
B97: F | F97: {=SUM( _xlfn.BYROW( IF(C92:E103-C80:E91<0, C92:E103-C80:E91, 0), _xleta.SUM) * -1000000 )} -> 0 | O97: Q1’26 | P97: 3 | Q97: 4 | R97: 3 | T97: =(S95+S96+S97)=N4 -> FALSE | X97: =MAX(S94-S97,0) -> 0 | Y97: 0 | AA97: 9 | AB97: E | AC97: E+ | AD97: 15 | AE97: 11 | AF97: 0.76 | AG97: 0.84 | AH97: 0 | AI97: 0 | AJ97: =SUMIFS(AH$8:AH$1039,$O$8:$O$1039,O97,$AB$8:$AB$1039,AB97,$R$8:$R$1039,R97,$AA$8:$AA$1039,"<="&AA97) -> 0 | AK97: =E12 -> 16 | AL97: =E18 -> 0 | AM97: =MAX(0,AJ97-AK97) -> 0 | AN97: =IF(AM97=0,AH97,IF(AM97>=AH97,0,AH97-AM97)) -> 0 | AO97: =IF(AM97>=AH97,AI97,AI97*AM97/AH97) -> 0 | AP97: {=INDEX($AU$8:$BB$25,6*(R97-1)+MATCH(AB97,$AS$8:$AS$13,0),MATCH(O97,$AU$7:$BB$7,0))} -> TRUE
B98: A+ | O98: Q1’26 | P98: 3 | Q98: 5 | R98: 1 | T98: =(S98+S99+S100)=N4 -> FALSE | X98: =MAX(S95-S98,0) -> 0 | Y98: 0 | AA98: 6 | AB98: F | AC98: F+ | AD98: 16 | AE98: 14 | AF98: 0.8 | AG98: 0.9 | AH98: 0 | AI98: 0 | AJ98: =SUMIFS(AH$8:AH$1039,$O$8:$O$1039,O98,$AB$8:$AB$1039,AB98,$R$8:$R$1039,R98,$AA$8:$AA$1039,"<="&AA98) -> 0 | AK98: =C13 -> 90 | AL98: =C19 -> 0 | AM98: =MAX(0,AJ98-AK98) -> 0 | AN98: =IF(AM98=0,AH98,IF(AM98>=AH98,0,AH98-AM98)) -> 0 | AO98: =IF(AM98>=AH98,AI98,AI98*AM98/AH98) -> 0 | AP98: {=INDEX($AU$8:$BB$25,6*(R98-1)+MATCH(AB98,$AS$8:$AS$13,0),MATCH(O98,$AU$7:$BB$7,0))} -> TRUE
B99: B+ | O99: Q1’26 | P99: 3 | Q99: 5 | R99: 2 | T99: =(S98+S99+S100)=N4 -> FALSE | X99: =MAX(S96-S99,0) -> 0 | Y99: 0 | AA99: 6 | AB99: F | AC99: F+ | AD99: 16 | AE99: 14 | AF99: 0.8 | AG99: 0.9 | AH99: 0 | AI99: 0 | AJ99: =SUMIFS(AH$8:AH$1039,$O$8:$O$1039,O99,$AB$8:$AB$1039,AB99,$R$8:$R$1039,R99,$AA$8:$AA$1039,"<="&AA99) -> 0 | AK99: =D13 -> 60 | AL99: =D19 -> 0 | AM99: =MAX(0,AJ99-AK99) -> 0 | AN99: =IF(AM99=0,AH99,IF(AM99>=AH99,0,AH99-AM99)) -> 0 | AO99: =IF(AM99>=AH99,AI99,AI99*AM99/AH99) -> 0 | AP99: {=INDEX($AU$8:$BB$25,6*(R99-1)+MATCH(AB99,$AS$8:$AS$13,0),MATCH(O99,$AU$7:$BB$7,0))} -> TRUE
B100: C+ | O100: Q1’26 | P100: 3 | Q100: 5 | R100: 3 | T100: =(S98+S99+S100)=N4 -> FALSE | X100: =MAX(S97-S100,0) -> 0 | Y100: 0 | AA100: 6 | AB100: F | AC100: F+ | AD100: 16 | AE100: 14 | AF100: 0.8 | AG100: 0.9 | AH100: 0 | AI100: 0 | AJ100: =SUMIFS(AH$8:AH$1039,$O$8:$O$1039,O100,$AB$8:$AB$1039,AB100,$R$8:$R$1039,R100,$AA$8:$AA$1039,"<="&AA100) -> 0 | AK100: =E13 -> 36 | AL100: =E19 -> 0 | AM100: =MAX(0,AJ100-AK100) -> 0 | AN100: =IF(AM100=0,AH100,IF(AM100>=AH100,0,AH100-AM100)) -> 0 | AO100: =IF(AM100>=AH100,AI100,AI100*AM100/AH100) -> 0 | AP100: {=INDEX($AU$8:$BB$25,6*(R100-1)+MATCH(AB100,$AS$8:$AS$13,0),MATCH(O100,$AU$7:$BB$7,0))} -> TRUE
...

Sheet Input Data + Q2
B1: Question 1
B2: Loading
B3: Quarter | C3: Q1’26 | D3: Q2’26 | E3: Q3’26 | F3: Q4’26 | G3: Q1’27 | H3: Q2’27 | I3: Q3’27 | J3: Q4’27 | X3: WS Name | Y3: A | Z3: B | AA3: C | AB3: D | AC3: E | AD3: F
B4: Node 1 | C4: 12000 | D4: 10000 | E4: 8500 | F4: 7500 | G4: 6000 | H4: 5000 | I4: 4000 | J4: 2000 | X4: Fab 1 - WS Count | Y4: 50 | Z4: 25 | AA4: 0 | AB4: 50 | AC4: 40 | AD4: 90
B5: Node 2 | C5: 5000 | D5: 5200 | E5: 5400 | F5: 5600 | G5: 6000 | H5: 6500 | I5: 7000 | J5: 7500 | X5: Fab 2 - WS Count | Y5: 35 | Z5: 30 | AA5: 0 | AB5: 50 | AC5: 30 | AD5: 60
B6: Node 3 | C6: 3000 | D6: 4500 | E6: 7000 | F6: 8000 | G6: 9000 | H6: 11000 | I6: 13000 | J6: 16000 | X6: Fab 3 - WS Count | Y6: 0 | Z6: 0 | AA6: 40 | AB6: 35 | AC6: 16 | AD6: 36
B8: Steps | X8: minload (sum of all RPT of steps running in a WS for a node)
B9: Node 1 | C9: Step Name | D9: WS | E9: RPT (min) | F9: WS(TOR) | G9: RPT(TOR) | I9: Node 2 | J9: Step Name | K9: WS | L9: RPT (min) | M9: WS(TOR) | N9: RPT(TOR) | P9: Node 3 | Q9: Step Name | R9: WS | S9: RPT (min) | T9: WS(TOR) | U9: RPT(TOR) | X9: Workstation | Y9: A | Z9: B | AA9: C | AB9: D | AC9: E | AD9: F | AL9: Total minload
C10: Step 1 | D10: D | E10: 14 | F10: D+ | G10: 12 | J10: Step 1 | K10: F | L10: 19 | M10: F+ | N10: 16 | Q10: Step 1 | R10: C | S10: 21 | T10: C+ | U10: 20 | X10: Node 1 | Y10: =SUMIF(D10:D35,Y9,E10:E35) -> 54 | Z10: =SUMIF(D10:D35,Z9,E10:E35) -> 0 | AA10: =SUMIF(D10:D35,AA9,E10:E35) -> 0 | AB10: =SUMIF(D10:D35,AB9,E10:E35) -> 72 | AC10: =SUMIF(D10:D35,AC9,E10:E35) -> 0 | AD10: =SUMIF(D10:D35,AD9,E10:E35) -> 82 | AL10: =SUM(Y10:AJ10) -> 208
C11: Step 2 | D11: F | E11: 25 | F11: F+ | G11: 21 | J11: Step 2 | K11: B | L11: 20 | M11: B+ | N11: 18 | Q11: Step 2 | R11: D | S11: 9 | T11: D+ | U11: 7 | X11: Node 2 | Y11: =SUMIF(K10:K37,Y9,L10:L37) -> 0 | Z11: =SUMIF(K10:K37,Z9,L10:L37) -> 82 | AA11: =SUMIF(K10:K37,AA9,L10:L37) -> 0 | AB11: =SUMIF(K10:K37,AB9,L10:L37) -> 0 | AC11: =SUMIF(K10:K37,AC9,L10:L37) -> 86 | AD11: =SUMIF(K10:K37,AD9,L10:L37) -> 73 | AL11: =SUM(Y11:AJ11) -> 241
C12: Step 3 | D12: F | E12: 27 | F12: F+ | G12: 23 | J12: Step 3 | K12: E | L12: 10 | M12: E+ | N12: 7 | Q12: Step 3 | R12: E | S12: 24 | T12: E+ | U12: 23 | X12: Node 3 | Y12: =SUMIF(R10:R35,Y9,S10:S35) -> 0 | Z12: =SUMIF(R10:R35,Z9,S10:S35) -> 0 | AA12: =SUMIF(R10:R35,AA9,S10:S35) -> 101 | AB12: =SUMIF(R10:R35,AB9,S10:S35) -> 71 | AC12: =SUMIF(R10:R35,AC9,S10:S35) -> 74 | AD12: =SUMIF(R10:R35,AD9,S10:S35) -> 50 | AL12: =SUM(Y12:AJ12) -> 296
C13: Step 4 | D13: A | E13: 20 | F13: A+ | G13: 16 | J13: Step 4 | K13: B | L13: 25 | M13: B+ | N13: 19 | Q13: Step 4 | R13: E | S13: 15 | T13: E+ | U13: 11 | X13: Initial tool count for Q1’26 | Y13: 85 | Z13: 102 | AA13: 12 | AB13: 50 | AC13: 30 | AD13: 259
C14: Step 5 | D14: F | E14: 12 | F14: F+ | G14: 9 | J14: Step 5 | K14: B | L14: 15 | M14: B+ | N14: 11 | Q14: Step 5 | R14: F | S14: 16 | T14: F+ | U14: 14 | X14: Utilization | Y14: 0.78 | Z14: 0.76 | AA14: 0.8 | AB14: 0.8 | AC14: 0.76 | AD14: 0.8
C15: Step 6 | D15: D | E15: 27 | F15: D+ | G15: 21 | J15: Step 6 | K15: F | L15: 16 | M15: F+ | N15: 14 | Q15: Step 6 | R15: D | S15: 12 | T15: D+ | U15: 11 | X15: CAPEX per tool | Y15: 4.5M | Z15: 6.0M | AA15: 2.2M | AB15: 4.0M | AC15: 3.5M | AD15: 6.0M
C16: Step 7 | D16: D | E16: 17 | F16: D+ | G16: 13 | J16: Step 7 | K16: F | L16: 17 | M16: F+ | N16: 15 | Q16: Step 7 | R16: C | S16: 24 | T16: C+ | U16: 21 | X16: Space per tool (m²) | Y16: 6.78 | Z16: 3.96 | AA16: 5.82 | AB16: 5.61 | AC16: 4.65 | AD16: 3.68
C17: Step 8 | D17: A | E17: 18 | F17: A+ | G17: 16 | J17: Step 8 | K17: B | L17: 22 | M17: B+ | N17: 16 | Q17: Step 8 | R17: C | S17: 19 | T17: C+ | U17: 13
C18: Step 9 | D18: A | E18: 16 | F18: A+ | G18: 13 | J18: Step 9 | K18: E | L18: 7 | M18: E+ | N18: 6 | Q18: Step 9 | R18: D | S18: 15 | T18: D+ | U18: 13 | X18: Workstation | Y18: =Y9&"+" -> A+ | Z18: =Z9&"+" -> B+ | AA18: =AA9&"+" -> C+ | AB18: =AB9&"+" -> D+ | AC18: =AC9&"+" -> E+ | AD18: =AD9&"+" -> F+
C19: Step 10 | D19: D | E19: 14 | F19: D+ | G19: 11 | J19: Step 10 | K19: E | L19: 9 | M19: E+ | N19: 7 | Q19: Step 10 | R19: D | S19: 24 | T19: D+ | U19: 20 | X19: Node 1 | Y19: =SUMIF(D10:D35,Y9,G10:G37) -> 45 | Z19: =SUMIF(D10:D35,Z9,G10:G37) -> 0 | AA19: =SUMIF(D10:D35,AA9,G10:G37) -> 0 | AB19: =SUMIF(D10:D35,AB9,G10:G37) -> 57 | AC19: =SUMIF(D10:D35,AC9,G10:G37) -> 0 | AD19: =SUMIF(D10:D35,AD9,G10:G37) -> 69
C20: Step 11 | D20: F | E20: 18 | F20: F+ | G20: 16 | J20: Step 11 | K20: E | L20: 20 | M20: E+ | N20: 19 | Q20: Step 11 | R20: E | S20: 17 | T20: E+ | U20: 15 | X20: Node 2 | Y20: =SUMIF(K10:K37,Y9,N10:N37) -> 0 | Z20: =SUMIF(K10:K37,Z9,N10:N37) -> 64 | AA20: =SUMIF(K10:K37,AA9,N10:N37) -> 0 | AB20: =SUMIF(K10:K37,AB9,N10:N37) -> 0 | AC20: =SUMIF(K10:K37,AC9,N10:N37) -> 70 | AD20: =SUMIF(K10:K37,AD9,N10:N37) -> 63
J21: Step 12 | K21: F | L21: 21 | M21: F+ | N21: 18 | Q21: Step 12 | R21: E | S21: 18 | T21: E+ | U21: 13 | X21: Node 3 | Y21: =SUMIF(R10:R35,Y9,U10:U35) -> 0 | Z21: =SUMIF(R10:R35,Z9,U10:U35) -> 0 | AA21: =SUMIF(R10:R35,AA9,U10:U35) -> 85 | AB21: =SUMIF(R10:R35,AB9,U10:U35) -> 61 | AC21: =SUMIF(R10:R35,AC9,U10:U35) -> 62 | AD21: =SUMIF(R10:R35,AD9,U10:U35) -> 45
J22: Step 13 | K22: E | L22: 12 | M22: E+ | N22: 9 | Q22: Step 13 | R22: F | S22: 20 | T22: F+ | U22: 18 | X22: Initial tool count for Q1’26 | Y22: 0 | Z22: 0 | AA22: 0 | AB22: 0 | AC22: 0 | AD22: 0
J23: Step 14 | K23: E | L23: 15 | M23: E+ | N23: 12 | Q23: Step 14 | R23: C | S23: 12 | T23: C+ | U23: 11 | X23: Utilization | Y23: 0.84 | Z23: 0.81 | AA23: 0.86 | AB23: 0.88 | AC23: 0.84 | AD23: 0.9
J24: Step 15 | K24: E | L24: 13 | M24: E+ | N24: 10 | Q24: Step 15 | R24: D | S24: 11 | T24: D+ | U24: 10 | X24: CAPEX per tool | Y24: 6.0M | Z24: 8.0M | AA24: 3.2M | AB24: 5.5M | AC24: 5.8M | AD24: 8.0M
Q25: Step 16 | R25: C | S25: 25 | T25: C+ | U25: 20 | X25: Space per tool (m²) | Y25: 6.93 | Z25: 3.72 | AA25: 5.75 | AB25: 5.74 | AC25: 4.8 | AD25: 3.57
Q26: Step 17 | R26: F | S26: 14 | T26: F+ | U26: 13
X28: Fab | Y28: Fab 1 | Z28: Fab 2 | AA28: Fab 3
B29: Do not modify any of the input data | X29: Fab Total Space for tools (m²) | Y29: 1500 | Z29: 1300 | AA29: 700
X30: WS Component for Q1’26 | Y30: A: 50 | Z30: A: 35 | AA30: A: 0
Y31: B: 25 | Z31: B: 30 | AA31: B: 0
Y32: C: 0 | Z32: C: 0 | AA32: C: 40
Y33: D: 50 | Z33: D: 50 | AA33: D: 35
Y34: E: 40 | Z34: E: 30 | AA34: E: 16
Y35: F: 90 | Z35: F: 60 | AA35: F: 36
B37: Question 2
B39: Node 1 | D39: Q1’26 | E39: Q2’26 | F39: Q3’26 | G39: Q4’26 | H39: Q1’27 | I39: Q2’27 | J39: Q3’27 | K39: Q4’27
B40: Scen 1 | C40: 0.3 | D40: 12000 | E40: 13000 | F40: 13000 | G40: 11000 | H40: 9000 | I40: 6000 | J40: 6000 | K40: 4000
B41: Scen 2 | C41: 0.5 | D41: 12000 | E41: 10000 | F41: 8500 | G41: 7500 | H41: 6000 | I41: 5000 | J41: 4000 | K41: 2000
B42: Scen 3 | C42: 0.2 | D42: 12000 | E42: 10000 | F42: 7000 | G42: 4000 | H42: 2000 | I42: 1000 | J42: 0 | K42: 0
B44: Node 2 | D44: Q1’26 | E44: Q2’26 | F44: Q3’26 | G44: Q4’26 | H44: Q1’27 | I44: Q2’27 | J44: Q3’27 | K44: Q4’27
B45: Scen 1 | C45: 0.3 | D45: 5000 | E45: 5500 | F45: 6000 | G45: 6500 | H45: 7000 | I45: 8000 | J45: 9000 | K45: 9000
B46: Scen 2 | C46: 0.5 | D46: 5000 | E46: 5200 | F46: 5400 | G46: 5600 | H46: 6000 | I46: 6500 | J46: 7000 | K46: 7500
B47: Scen 3 | C47: 0.2 | D47: 5000 | E47: 5000 | F47: 5000 | G47: 4000 | H47: 3000 | I47: 3000 | J47: 2000 | K47: 2000
B49: Node 3 | D49: Q1’26 | E49: Q2’26 | F49: Q3’26 | G49: Q4’26 | H49: Q1’27 | I49: Q2’27 | J49: Q3’27 | K49: Q4’27
B50: Scen 1 | C50: 0.3 | D50: 3000 | E50: 4500 | F50: 8000 | G50: 11000 | H50: 14000 | I50: 17000 | J50: 20000 | K50: 23000
B51: Scen 2 | C51: 0.5 | D51: 3000 | E51: 4500 | F51: 7000 | G51: 8000 | H51: 9000 | I51: 11000 | J51: 13000 | K51: 16000
B52: Scen 3 | C52: 0.2 | D52: 3000 | E52: 3500 | F52: 4500 | G52: 5500 | H52: 7000 | I52: 8500 | J52: 10000 | K52: 10000
B54: To Fill
B55: Node 1 | D55: Q1’26 | E55: Q2’26 | F55: Q3’26 | G55: Q4’26 | H55: Q1’27 | I55: Q2’27 | J55: Q3’27 | K55: Q4’27
B56: (i) Expected loading
B57: (ii) Combined Variance
B58: (iii) Probability
B60: Node 2 | D60: Q1’26 | E60: Q2’26 | F60: Q3’26 | G60: Q4’26 | H60: Q1’27 | I60: Q2’27 | J60: Q3’27 | K60: Q4’27
B61: (i) Expected loading
B62: (ii) Combined Variance
B63: (iii) Probability
B65: Node 3 | D65: Q1’26 | E65: Q2’26 | F65: Q3’26 | G65: Q4’26 | H65: Q1’27 | I65: Q2’27 | J65: Q3’27 | K65: Q4’27
B66: (i) Expected loading
B67: (ii) Combined Variance
B68: (iii) Probability
